N	d	#L	group	butson	symmetric	latin	in_catalogue	file
5	0	5	Z4	yes	no	no	yes	
6	0	3	Z5	yes	no	no	yes	
7	0	7	Z2xZ3	yes	no	no	yes	
7	0	97	Z2xZ3	no	no	no	yes	
9	0	76	D4	no	no	no	yes	
9	0	76	Z8	no	no	no	yes	
9	0	105	Z8	no	no	no	yes	
9	0	201	Z8	no	no	no	yes	
10	0	9	Z3xZ3	no	no	no	yes	
10	0	99	Z9	no	no	no	yes	
10	0	271	Z9	no	no	no	yes	
11	0	11	Z2xZ5	yes	no	no	yes	
11	0	63	Z2xZ5	no	no	no	yes	
11	0	63	D5	no	no	no	yes	
11	0	139	Z2xZ5	no	no	no	no	GH_11_0_139_Z2xZ5.gen
11	0	139	D5	no	yes	no	no	GH_11_0_139_D5.gen
11	0	191	Z2xZ5	no	no	no	yes	
11	0	361	Z2xZ5	no	no	no	yes	
12	0	463	Z11	no	no	yes	no	GH_12_0_463_Z11.gen
13	0	6	A4	yes	no	no	yes	
13	0	13	Z3xZ4	yes	no	no	yes	
13	0	89	A4	no	no	no	no	GH_13_0_89_A4.gen
13	0	146	A4	no	no	no	no	GH_13_0_146_A4.gen
13	0	181	Dic3	no	no	no	no	GH_13_0_181_Dic3.gen
13	0	197	D6	no	no	no	no	GH_13_0_197_D6.gen
13	0	225	Z2xZ2xZ3	no	no	no	no	GH_13_0_225_Z2xZ2xZ3.gen
13	0	225	Dic3	no	no	no	no	GH_13_0_225_Dic3.gen
13	0	227	Z3xZ4	no	no	no	no	GH_13_0_227_Z3xZ4.gen
13	0	253	Z3xZ4	no	no	no	no	GH_13_0_253_Z3xZ4.gen
13	0	253	Dic3	no	no	no	no	GH_13_0_253_Dic3.gen
13	0	301	Z3xZ4	no	no	yes	no	GH_13_0_301_Z3xZ4.gen
13	0	415	Dic3	no	no	no	no	GH_13_0_415_Dic3.gen
13	0	421	D6	no	no	no	no	GH_13_0_421_D6.gen
13	0	463	Dic3	no	no	no	no	GH_13_0_463_Dic3.gen
13	0	475	D6	no	no	no	no	GH_13_0_475_D6.gen
13	0	589	Z3xZ4	no	no	yes	no	GH_13_0_589_Z3xZ4.gen
13	0	595	Z2xZ2xZ3	no	no	yes	no	GH_13_0_595_Z2xZ2xZ3.gen
14	0	9	Z13	no	no	no	yes	
14	0	103	Z13	no	no	no	no	GH_14_0_103_Z13.gen
14	0	110	Z13	no	no	no	no	GH_14_0_110_Z13.gen
14	0	729	Z13	no	no	yes	no	GH_14_0_729_Z13.gen
15	0	345	Z2xZ7	no	no	no	no	GH_15_0_345_Z2xZ7.gen
15	0	345	D7	no	yes	no	no	GH_15_0_345_D7.gen
15	0	463	Z2xZ7	no	no	no	yes	
15	0	723	D7	no	no	no	no	GH_15_0_723_D7.gen
15	0	897	Z2xZ7	no	no	yes	no	GH_15_0_897_Z2xZ7.gen
16	0	415	Z3xZ5	no	no	no	no	GH_16_0_415_Z3xZ5.gen
16	0	423	Z3xZ5	no	yes	no	no	GH_16_0_423_Z3xZ5.gen
16	0	1081	Z3xZ5	no	no	yes	no	GH_16_0_1081_Z3xZ5.gen
17	0	17	Z16	yes	no	no	yes	
17	0	121	M16	no	no	no	no	GH_17_0_121_M16.gen
17	0	121	Q16	no	no	no	no	GH_17_0_121_Q16.gen
17	0	191	Q16	no	no	no	no	GH_17_0_191_Q16.gen
17	0	244	Q16	no	no	no	no	GH_17_0_244_Q16.gen
17	0	255	M16	no	yes	no	no	GH_17_0_255_M16.gen
17	0	255	Z2xQ8	no	no	no	no	GH_17_0_255_Z2xQ8.gen
17	0	255	Q16	no	no	no	no	GH_17_0_255_Q16.gen
17	0	259	G(16,4)	no	no	no	no	GH_17_0_259_G16_4.gen
17	0	259	M16	no	no	no	no	GH_17_0_259_M16.gen
17	0	273	M16	no	no	no	no	GH_17_0_273_M16.gen
17	0	297	Q16	no	no	no	no	GH_17_0_297_Q16.gen
17	0	358	M16	no	no	no	no	GH_17_0_358_M16.gen
17	0	366	G(16,4)	no	no	no	no	GH_17_0_366_G16_4.gen
17	0	382	M16	no	no	no	no	GH_17_0_382_M16.gen
17	0	499	Z16	no	no	no	no	GH_17_0_499_Z16.gen
17	0	499	Q16	no	no	no	no	GH_17_0_499_Q16.gen
17	0	507	D8	no	yes	no	no	GH_17_0_507_D8.gen
17	0	507	Z16	no	yes	no	no	GH_17_0_507_Z16.gen
17	0	519	Z4xZ4	no	no	no	no	GH_17_0_519_Z4xZ4.gen
17	0	521	Z2xZ8	no	no	no	no	GH_17_0_521_Z2xZ8.gen
17	0	521	Z4:Z4	no	no	no	no	GH_17_0_521_Z4sZ4.gen
17	0	527	Z2xZ8	no	no	no	no	GH_17_0_527_Z2xZ8.gen
17	0	527	D4oZ4	no	no	no	no	GH_17_0_527_D4oZ4.gen
17	0	527	SD16	no	no	no	no	GH_17_0_527_SD16.gen
17	0	527	Q16	no	no	no	no	GH_17_0_527_Q16.gen
17	0	657	Z16	no	no	yes	no	GH_17_0_657_Z16.gen
17	0	859	M16	no	no	no	no	GH_17_0_859_M16.gen
17	0	859	Z4:Z4	no	no	no	no	GH_17_0_859_Z4sZ4.gen
17	0	867	D4oZ4	no	no	no	no	GH_17_0_867_D4oZ4.gen
17	0	875	Z2xQ8	no	no	no	no	GH_17_0_875_Z2xQ8.gen
17	0	879	Z4:Z4	no	no	no	no	GH_17_0_879_Z4sZ4.gen
17	0	887	G(16,4)	no	no	no	no	GH_17_0_887_G16_4.gen
17	0	891	G(16,4)	no	no	no	no	GH_17_0_891_G16_4.gen
17	0	959	Q16	no	no	no	no	GH_17_0_959_Q16.gen
17	0	975	D8	no	no	no	no	GH_17_0_975_D8.gen
17	0	1041	Q16	no	no	no	no	GH_17_0_1041_Q16.gen
17	0	1047	SD16	no	no	no	no	GH_17_0_1047_SD16__1.gen
17	0	1047	SD16	no	no	no	no	GH_17_0_1047_SD16__2.gen
17	0	1057	D8	no	yes	no	no	GH_17_0_1057_D8.gen
17	0	1073	M16	no	no	no	no	GH_17_0_1073_M16.gen
17	0	1075	Z4:Z4	no	no	no	no	GH_17_0_1075_Z4sZ4.gen
17	0	1083	G(16,4)	no	no	no	no	GH_17_0_1083_G16_4__2.gen
17	0	1083	G(16,4)	no	no	no	no	GH_17_0_1083_G16_4__1.gen
17	0	1089	D4oZ4	no	no	no	no	GH_17_0_1089_D4oZ4.gen
17	0	1297	Z16	no	no	yes	no	GH_17_0_1297_Z16.gen
17	0	1305	Z2xZ8	no	no	yes	no	GH_17_0_1305_Z2xZ8__1.gen
17	0	1305	Z4xZ4	no	no	yes	no	GH_17_0_1305_Z4xZ4.gen
17	0	1305	Z2xZ8	no	no	yes	no	GH_17_0_1305_Z2xZ8__2.gen
17	0	1321	Z2xZ2xZ4	no	no	yes	no	GH_17_0_1321_Z2xZ2xZ4.gen
17	0	1689	Z2xQ8	no	no	yes	no	GH_17_0_1689_Z2xQ8__2.gen
17	0	1689	M16	no	no	yes	no	GH_17_0_1689_M16.gen
17	0	1689	Z2xQ8	no	no	yes	no	GH_17_0_1689_Z2xQ8__1.gen
17	0	1689	Z4:Z4	no	no	yes	no	GH_17_0_1689_Z4sZ4.gen
17	0	1705	G(16,4)	no	no	yes	no	GH_17_0_1705_G16_4.gen
17	0	1721	Dih(Z2xZ4)	no	no	yes	no	GH_17_0_1721_DihZ2xZ4.gen
17	0	1873	Q16	no	no	yes	no	GH_17_0_1873_Q16.gen
17	0	1889	SD16	no	no	yes	no	GH_17_0_1889_SD16.gen
17	0	1901	D8	no	no	yes	no	GH_17_0_1901_D8.gen
17	0	1905	D8	no	no	yes	no	GH_17_0_1905_D8.gen
18	0	18	Z17	no	no	no	no	GH_18_0_18_Z17.gen
18	0	233	Z17	no	no	no	no	GH_18_0_233_Z17.gen
18	0	242	Z17	no	no	no	no	GH_18_0_242_Z17.gen
18	0	611	Z17	no	no	no	no	GH_18_0_611_Z17.gen
18	0	1531	Z17	no	no	yes	no	GH_18_0_1531_Z17__2.gen
18	0	1531	Z17	no	no	yes	no	GH_18_0_1531_Z17__1.gen
19	0	263	Z2xZ3xZ3	no	no	no	no	GH_19_0_263_Z2xZ3xZ3.gen
19	0	263	Dih(Z3xZ3)	no	yes	no	no	GH_19_0_263_DihZ3xZ3.gen
19	0	525	Z3:Z6	no	no	no	no	GH_19_0_525_Z3sZ6.gen
19	0	709	Z2xZ9	no	no	no	no	GH_19_0_709_Z2xZ9.gen
19	0	709	D9	no	no	no	no	GH_19_0_709_D9.gen
19	0	775	Z2xZ3xZ3	no	no	no	no	GH_19_0_775_Z2xZ3xZ3.gen
19	0	775	Z3:Z6	no	no	no	no	GH_19_0_775_Z3sZ6.gen
19	0	919	Z2xZ3xZ3	no	no	no	yes	
19	0	919	Z2xZ9	no	no	no	yes	
19	0	963	Z3:Z6	no	no	no	no	GH_19_0_963_Z3sZ6.gen
19	0	982	Z3:Z6	no	no	no	no	GH_19_0_982_Z3sZ6.gen
19	0	1279	Dih(Z3xZ3)	no	no	yes	no	GH_19_0_1279_DihZ3xZ3.gen
19	0	1447	Z3:Z6	no	no	no	no	GH_19_0_1447_Z3sZ6.gen
19	0	1485	Dih(Z3xZ3)	no	no	no	no	GH_19_0_1485_DihZ3xZ3.gen
19	0	1485	D9	no	no	no	no	GH_19_0_1485_D9.gen
19	0	1801	Z2xZ3xZ3	no	no	yes	no	GH_19_0_1801_Z2xZ3xZ3__2.gen
19	0	1801	Z2xZ9	no	no	yes	no	GH_19_0_1801_Z2xZ9__1.gen
19	0	1801	Z2xZ3xZ3	no	no	yes	no	GH_19_0_1801_Z2xZ3xZ3__1.gen
19	0	1801	Z2xZ9	no	no	yes	no	GH_19_0_1801_Z2xZ9__2.gen
19	0	2539	Z3:Z6	no	no	yes	no	GH_19_0_2539_Z3sZ6__3.gen
19	0	2539	Z3:Z6	no	no	yes	no	GH_19_0_2539_Z3sZ6__2.gen
19	0	2539	Z3:Z6	no	no	yes	no	GH_19_0_2539_Z3sZ6__1.gen
19	0	2809	Dih(Z3xZ3)	no	no	yes	no	GH_19_0_2809_DihZ3xZ3.gen
19	0	2809	D9	no	no	yes	no	GH_19_0_2809_D9.gen
20	0	849	Z19	no	no	no	no	GH_20_0_849_Z19.gen
20	0	2091	Z19	no	no	yes	no	GH_20_0_2091_Z19__3.gen
20	0	2091	Z19	no	no	yes	no	GH_20_0_2091_Z19__1.gen
20	0	2091	Z19	no	no	yes	no	GH_20_0_2091_Z19__2.gen
21	0	189	Z5:Z4	no	no	no	no	GH_21_0_189_Z5sZ4.gen
21	0	317	Dic5	no	no	no	no	GH_21_0_317_Dic5.gen
21	0	397	Dic5	no	no	no	no	GH_21_0_397_Dic5.gen
21	0	465	Dic5	no	no	no	no	GH_21_0_465_Dic5.gen
21	0	575	Z5:Z4	no	no	no	no	GH_21_0_575_Z5sZ4.gen
21	0	953	Z4xZ5	no	no	no	no	GH_21_0_953_Z4xZ5.gen
21	0	953	Dic5	no	no	no	no	GH_21_0_953_Dic5.gen
21	0	961	Z2xZ2xZ5	no	no	no	no	GH_21_0_961_Z2xZ2xZ5.gen
21	0	961	Dic5	no	no	no	no	GH_21_0_961_Dic5.gen
21	0	969	D10	no	no	no	no	GH_21_0_969_D10.gen
21	0	971	D10	no	no	no	no	GH_21_0_971_D10.gen
21	0	1121	Z5:Z4	no	no	no	no	GH_21_0_1121_Z5sZ4.gen
21	0	1683	Z5:Z4	no	no	no	no	GH_21_0_1683_Z5sZ4.gen
21	0	1879	Dic5	no	no	no	no	GH_21_0_1879_Dic5.gen
21	0	1899	D10	no	no	no	no	GH_21_0_1899_D10.gen
21	0	1959	Dic5	no	no	no	no	GH_21_0_1959_Dic5__1.gen
21	0	1959	Dic5	no	no	no	no	GH_21_0_1959_Dic5__2.gen
21	0	1971	D10	no	no	no	no	GH_21_0_1971_D10.gen
21	0	1989	D10	no	no	no	no	GH_21_0_1989_D10.gen
21	0	2421	Z4xZ5	no	no	yes	no	GH_21_0_2421_Z4xZ5__1.gen
21	0	2421	Z4xZ5	no	no	yes	no	GH_21_0_2421_Z4xZ5__2.gen
21	0	2421	Z4xZ5	no	no	yes	no	GH_21_0_2421_Z4xZ5__3.gen
21	0	2431	Z2xZ2xZ5	no	no	yes	no	GH_21_0_2431_Z2xZ2xZ5__1.gen
21	0	2431	Z2xZ2xZ5	no	no	yes	no	GH_21_0_2431_Z2xZ2xZ5__3.gen
21	0	2431	Z2xZ2xZ5	no	no	yes	no	GH_21_0_2431_Z2xZ2xZ5__2.gen
21	0	3621	Dic5	no	no	yes	no	GH_21_0_3621_Dic5__1.gen
21	0	3621	Dic5	no	no	yes	no	GH_21_0_3621_Dic5__2.gen
21	0	3671	D10	no	no	yes	no	GH_21_0_3671_D10__2.gen
21	0	3671	D10	no	no	yes	no	GH_21_0_3671_D10__1.gen
21	0	3671	D10	no	no	yes	no	GH_21_0_3671_D10__3.gen
21	0	3935	Z5:Z4	no	no	yes	no	GH_21_0_3935_Z5sZ4.gen
21	0	3941	Z5:Z4	no	no	yes	no	GH_21_0_3941_Z5sZ4__3.gen
21	0	3941	Z5:Z4	no	no	yes	no	GH_21_0_3941_Z5sZ4__1.gen
21	0	3941	Z5:Z4	no	no	yes	no	GH_21_0_3941_Z5sZ4__2.gen
22	0	561	Z7:Z3	no	no	no	no	GH_22_0_561_Z7sZ3.gen
22	0	1351	Z7:Z3	no	no	no	no	GH_22_0_1351_Z7sZ3.gen
22	0	1647	Z7:Z3	no	no	no	no	GH_22_0_1647_Z7sZ3.gen
22	0	2073	Z7:Z3	no	no	no	no	GH_22_0_2073_Z7sZ3.gen
22	0	2773	Z3xZ7	no	no	yes	no	GH_22_0_2773_Z3xZ7__2.gen
22	0	2773	Z3xZ7	no	no	yes	no	GH_22_0_2773_Z3xZ7__1.gen
22	0	4537	Z7:Z3	no	no	yes	no	GH_22_0_4537_Z7sZ3__1.gen
22	0	4537	Z7:Z3	no	no	yes	no	GH_22_0_4537_Z7sZ3__2.gen
23	0	1279	D11	no	no	no	no	GH_23_0_1279_D11.gen
23	0	2659	D11	no	no	no	no	GH_23_0_2659_D11__1.gen
23	0	2657	D11	no	no	no	no	GH_23_0_2657_D11.gen
23	0	2659	D11	no	no	no	no	GH_23_0_2659_D11__2.gen
23	0	3167	Z2xZ11	no	no	yes	no	GH_23_0_3167_Z2xZ11.gen
23	0	3169	Z2xZ11	no	no	yes	no	GH_23_0_3169_Z2xZ11.gen
23	0	5039	D11	no	no	yes	no	GH_23_0_5039_D11__2.gen
23	0	5037	D11	no	no	yes	no	GH_23_0_5037_D11.gen
23	0	5039	D11	no	no	yes	no	GH_23_0_5039_D11__1.gen
23	0	5039	D11	no	no	yes	no	GH_23_0_5039_D11__3.gen
24	0	3589	Z23	no	no	yes	no	GH_24_0_3589_Z23__1.gen
24	0	3589	Z23	no	no	yes	no	GH_24_0_3589_Z23__3.gen
24	0	3587	Z23	no	no	yes	no	GH_24_0_3587_Z23.gen
24	0	3589	Z23	no	no	yes	no	GH_24_0_3589_Z23__2.gen
25	0	403	SL(2,3)	no	no	no	no	GH_25_0_403_SL2_3.gen
25	0	523	SL(2,3)	no	no	no	no	GH_25_0_523_SL2_3.gen
25	0	701	Dic6	no	no	no	no	GH_25_0_701_Dic6.gen
25	0	708	Z12:Z2	no	no	no	no	GH_25_0_708_Z12sZ2.gen
25	0	777	S4	no	no	no	no	GH_25_0_777_S4.gen
25	0	917	D12	no	no	no	no	GH_25_0_917_D12.gen
25	0	969	Z3:Z8	no	no	no	no	GH_25_0_969_Z3sZ8.gen
25	0	985	Z3xQ8	no	no	no	no	GH_25_0_985_Z3xQ8.gen
25	0	1050	G(24,6)	no	no	no	no	GH_25_0_1050_G24_6.gen
25	0	1065	SL(2,3)	no	no	no	no	GH_25_0_1065_SL2_3.gen
25	0	1072	Dih(Z2xZ2xZ3)	no	no	no	no	GH_25_0_1072_DihZ2xZ2xZ3.gen
25	0	1100	Z6:Z4	no	no	no	no	GH_25_0_1100_Z6sZ4.gen
25	0	1119	Dic6	no	no	no	no	GH_25_0_1119_Dic6.gen
25	0	1159	Dic6	no	no	no	no	GH_25_0_1159_Dic6.gen
25	0	1163	Z3xQ8	no	no	no	no	GH_25_0_1163_Z3xQ8.gen
25	0	1275	Z2xA4	no	no	no	no	GH_25_0_1275_Z2xA4.gen
25	0	1285	Z4:Z6	no	no	no	no	GH_25_0_1285_Z4sZ6.gen
25	0	1285	Dih(Z2xZ2xZ3)	no	no	no	no	GH_25_0_1285_DihZ2xZ2xZ3.gen
25	0	1285	G(24,6)	no	no	no	no	GH_25_0_1285_G24_6.gen
25	0	1313	SL(2,3)	no	no	no	no	GH_25_0_1313_SL2_3.gen
25	0	1339	Z3xQ8	no	no	no	no	GH_25_0_1339_Z3xQ8.gen
25	0	1375	Dic6	no	no	no	no	GH_25_0_1375_Dic6.gen
25	0	1387	D12	no	no	no	no	GH_25_0_1387_D12.gen
25	0	1423	S4	no	no	no	no	GH_25_0_1423_S4.gen
25	0	1436	G(24,6)	no	no	no	no	GH_25_0_1436_G24_6.gen
25	0	1461	Z3xQ8	no	no	no	no	GH_25_0_1461_Z3xQ8.gen
25	0	1477	Z4:Z6	no	no	no	no	GH_25_0_1477_Z4sZ6.gen
25	0	1486	G(24,6)	no	no	no	no	GH_25_0_1486_G24_6.gen
25	0	1519	SL(2,3)	no	no	no	no	GH_25_0_1519_SL2_3.gen
25	0	1557	Z4:Z6	no	no	no	no	GH_25_0_1557_Z4sZ6.gen
25	0	1557	Dic6	no	no	no	no	GH_25_0_1557_Dic6.gen
25	0	1569	D12	no	no	no	no	GH_25_0_1569_D12.gen
25	0	1601	Z3:Z8	no	no	no	no	GH_25_0_1601_Z3sZ8.gen
25	0	1611	Z6:Z4	no	no	no	no	GH_25_0_1611_Z6sZ4.gen
25	0	1621	G(24,6)	no	no	no	no	GH_25_0_1621_G24_6.gen
25	0	1621	Z12:Z2	no	no	no	no	GH_25_0_1621_Z12sZ2.gen
25	0	1621	Dic6	no	no	no	no	GH_25_0_1621_Dic6.gen
25	0	1627	Z2xZ2xZ2xZ3	no	no	no	no	GH_25_0_1627_Z2xZ2xZ2xZ3.gen
25	0	1627	Z6:Z4	no	no	no	no	GH_25_0_1627_Z6sZ4.gen
25	0	1627	G(24,6)	no	no	no	no	GH_25_0_1627_G24_6.gen
25	0	1635	Dih(Z2xZ2xZ3)	no	no	no	no	GH_25_0_1635_DihZ2xZ2xZ3.gen
25	0	1635	D12	no	no	no	no	GH_25_0_1635_D12.gen
25	0	1639	Z3xQ8	no	no	no	no	GH_25_0_1639_Z3xQ8.gen
25	0	1643	Dic6	no	no	no	no	GH_25_0_1643_Dic6.gen
25	0	1645	Z4:Z6	no	no	no	no	GH_25_0_1645_Z4sZ6.gen
25	0	1645	D12	no	no	no	no	GH_25_0_1645_D12.gen
25	0	1661	D12	no	no	no	no	GH_25_0_1661_D12.gen
25	0	1753	Z3:Z8	no	no	no	no	GH_25_0_1753_Z3sZ8.gen
25	0	1769	Z12:Z2	no	no	no	no	GH_25_0_1769_Z12sZ2.gen
25	0	1770	Dih(Z2xZ2xZ3)	no	no	no	no	GH_25_0_1770_DihZ2xZ2xZ3.gen
25	0	1770	G(24,6)	no	no	no	no	GH_25_0_1770_G24_6.gen
25	0	1770	Z12:Z2	no	no	no	no	GH_25_0_1770_Z12sZ2.gen
25	0	1801	Dih(Z2xZ2xZ3)	no	no	no	no	GH_25_0_1801_DihZ2xZ2xZ3.gen
25	0	1909	Z3:Z8	no	no	no	no	GH_25_0_1909_Z3sZ8.gen
25	0	2162	Z6:Z4	no	no	no	no	GH_25_0_2162_Z6sZ4.gen
25	0	2183	Z4:Z6	no	no	no	no	GH_25_0_2183_Z4sZ6.gen
25	0	2323	S4	no	no	no	no	GH_25_0_2323_S4.gen
25	0	2355	Z6:Z4	no	no	no	no	GH_25_0_2355_Z6sZ4.gen
25	0	2361	G(24,6)	no	no	no	no	GH_25_0_2361_G24_6.gen
25	0	2363	Z12:Z2	no	no	no	no	GH_25_0_2363_Z12sZ2.gen
25	0	2365	SL(2,3)	no	no	no	no	GH_25_0_2365_SL2_3.gen
25	0	2369	Z12:Z2	no	no	no	no	GH_25_0_2369_Z12sZ2.gen
25	0	2373	Dih(Z2xZ2xZ3)	no	no	no	no	GH_25_0_2373_DihZ2xZ2xZ3.gen
25	0	2419	Z3:Z8	no	no	no	no	GH_25_0_2419_Z3sZ8.gen
25	0	2419	SL(2,3)	no	no	no	no	GH_25_0_2419_SL2_3.gen
25	0	2461	Z3xQ8	no	no	yes	no	GH_25_0_2461_Z3xQ8.gen
25	0	2523	Z3:Z8	no	no	yes	no	GH_25_0_2523_Z3sZ8.gen
25	0	2535	Dic6	no	no	yes	no	GH_25_0_2535_Dic6.gen
25	0	2617	SL(2,3)	no	no	yes	no	GH_25_0_2617_SL2_3.gen
25	0	2683	Dic6	no	no	no	no	GH_25_0_2683_Dic6.gen
25	0	2703	G(24,6)	no	no	no	no	GH_25_0_2703_G24_6.gen
25	0	2707	D12	no	no	no	no	GH_25_0_2707_D12.gen
25	0	2737	Z3xQ8	no	no	no	no	GH_25_0_2737_Z3xQ8.gen
25	0	2841	SL(2,3)	no	no	no	no	GH_25_0_2841_SL2_3.gen
25	0	2845	SL(2,3)	no	no	no	no	GH_25_0_2845_SL2_3.gen
25	0	2905	Z2xA4	no	no	no	no	GH_25_0_2905_Z2xA4.gen
25	0	2923	Z2xA4	no	no	no	no	GH_25_0_2923_Z2xA4__2.gen
25	0	2923	Z2xA4	no	no	no	no	GH_25_0_2923_Z2xA4__1.gen
25	0	2959	SL(2,3)	no	no	yes	no	GH_25_0_2959_SL2_3.gen
25	0	2989	Z3:Z8	no	no	no	no	GH_25_0_2989_Z3sZ8.gen
25	0	2997	Z6:Z4	no	no	no	no	GH_25_0_2997_Z6sZ4.gen
25	0	3009	Z6:Z4	no	no	no	no	GH_25_0_3009_Z6sZ4.gen
25	0	3013	Z12:Z2	no	no	no	no	GH_25_0_3013_Z12sZ2.gen
25	0	3033	Dih(Z2xZ2xZ3)	no	no	no	no	GH_25_0_3033_DihZ2xZ2xZ3.gen
25	0	3193	SL(2,3)	no	no	no	no	GH_25_0_3193_SL2_3.gen
25	0	3223	Dic6	no	no	no	no	GH_25_0_3223_Dic6.gen
25	0	3231	S4	no	no	no	no	GH_25_0_3231_S4.gen
25	0	3259	D12	no	no	no	no	GH_25_0_3259_D12.gen
25	0	3289	Z3:Z8	no	no	no	no	GH_25_0_3289_Z3sZ8.gen
25	0	3303	Z6:Z4	no	no	no	no	GH_25_0_3303_Z6sZ4__1.gen
25	0	3303	Z6:Z4	no	no	no	no	GH_25_0_3303_Z6sZ4__3.gen
25	0	3303	Z6:Z4	no	no	no	no	GH_25_0_3303_Z6sZ4__2.gen
25	0	3313	Z12:Z2	no	no	no	no	GH_25_0_3313_Z12sZ2.gen
25	0	3347	Dic6	no	no	no	no	GH_25_0_3347_Dic6__3.gen
25	0	3347	Dic6	no	no	no	no	GH_25_0_3347_Dic6__1.gen
25	0	3347	Dic6	no	no	no	no	GH_25_0_3347_Dic6__2.gen
25	0	3351	Dih(Z2xZ2xZ3)	no	no	no	no	GH_25_0_3351_DihZ2xZ2xZ3.gen
25	0	3369	G(24,6)	no	no	no	no	GH_25_0_3369_G24_6__2.gen
25	0	3369	G(24,6)	no	no	no	no	GH_25_0_3369_G24_6__3.gen
25	0	3367	Z3xQ8	no	no	no	no	GH_25_0_3367_Z3xQ8.gen
25	0	3369	G(24,6)	no	no	no	no	GH_25_0_3369_G24_6__1.gen
25	0	3377	Z4:Z6	no	no	no	no	GH_25_0_3377_Z4sZ6.gen
25	0	3379	Z4:Z6	no	no	no	no	GH_25_0_3379_Z4sZ6.gen
25	0	3383	D12	no	no	no	no	GH_25_0_3383_D12__3.gen
25	0	3383	D12	no	no	no	no	GH_25_0_3383_D12__2.gen
25	0	3383	D12	no	no	no	no	GH_25_0_3383_D12__1.gen
25	0	4057	Z3xZ8	no	no	yes	no	GH_25_0_4057_Z3xZ8__2.gen
25	0	4057	Z3xZ8	no	no	yes	no	GH_25_0_4057_Z3xZ8__1.gen
25	0	4057	Z3xZ8	no	no	yes	no	GH_25_0_4057_Z3xZ8__4.gen
25	0	4057	Z3xZ8	no	no	yes	no	GH_25_0_4057_Z3xZ8__3.gen
25	0	4069	Z2xZ3xZ4	no	no	yes	no	GH_25_0_4069_Z2xZ3xZ4__2.gen
25	0	4069	Z2xZ3xZ4	no	no	yes	no	GH_25_0_4069_Z2xZ3xZ4__1.gen
25	0	4093	Z2xZ2xZ2xZ3	no	no	yes	no	GH_25_0_4093_Z2xZ2xZ2xZ3__4.gen
25	0	4093	Z2xZ2xZ2xZ3	no	no	yes	no	GH_25_0_4093_Z2xZ2xZ2xZ3__1.gen
25	0	4093	Z2xZ2xZ2xZ3	no	no	yes	no	GH_25_0_4093_Z2xZ2xZ2xZ3__3.gen
25	0	4093	Z2xZ2xZ2xZ3	no	no	yes	no	GH_25_0_4093_Z2xZ2xZ2xZ3__2.gen
25	0	5349	Z3xQ8	no	no	yes	no	GH_25_0_5349_Z3xQ8.gen
25	0	5377	Z4:Z6	no	no	yes	no	GH_25_0_5377_Z4sZ6__3.gen
25	0	5353	Z3xQ8	no	no	yes	no	GH_25_0_5353_Z3xQ8__2.gen
25	0	5353	Z3xQ8	no	no	yes	no	GH_25_0_5353_Z3xQ8__1.gen
25	0	5377	Z4:Z6	no	no	yes	no	GH_25_0_5377_Z4sZ6__4.gen
25	0	5377	Z4:Z6	no	no	yes	no	GH_25_0_5377_Z4sZ6__2.gen
25	0	5377	Z4:Z6	no	no	yes	no	GH_25_0_5377_Z4sZ6__1.gen
25	0	5785	Z3:Z8	no	no	yes	no	GH_25_0_5785_Z3sZ8__3.gen
25	0	5785	Z3:Z8	no	no	yes	no	GH_25_0_5785_Z3sZ8__2.gen
25	0	5783	Z3:Z8	no	no	yes	no	GH_25_0_5783_Z3sZ8.gen
25	0	5785	Z3:Z8	no	no	yes	no	GH_25_0_5785_Z3sZ8__1.gen
25	0	5797	Z6:Z4	no	no	yes	no	GH_25_0_5797_Z6sZ4__3.gen
25	0	5797	Z6:Z4	no	no	yes	no	GH_25_0_5797_Z6sZ4__4.gen
25	0	5797	Z6:Z4	no	no	yes	no	GH_25_0_5797_Z6sZ4__2.gen
25	0	5795	Z6:Z4	no	no	yes	no	GH_25_0_5795_Z6sZ4.gen
25	0	5797	Z6:Z4	no	no	yes	no	GH_25_0_5797_Z6sZ4__1.gen
25	0	5807	Z12:Z2	no	no	yes	no	GH_25_0_5807_Z12sZ2.gen
25	0	5817	Z12:Z2	no	no	yes	no	GH_25_0_5817_Z12sZ2.gen
25	0	5819	Z12:Z2	no	no	yes	no	GH_25_0_5819_Z12sZ2.gen
25	0	5821	Z12:Z2	no	no	yes	no	GH_25_0_5821_Z12sZ2.gen
25	0	5869	Dih(Z2xZ2xZ3)	no	no	yes	no	GH_25_0_5869_DihZ2xZ2xZ3__1.gen
25	0	5869	Dih(Z2xZ2xZ3)	no	no	yes	no	GH_25_0_5869_DihZ2xZ2xZ3__3.gen
25	0	5869	Dih(Z2xZ2xZ3)	no	no	yes	no	GH_25_0_5869_DihZ2xZ2xZ3__2.gen
25	0	6215	Dic6	no	no	yes	no	GH_25_0_6215_Dic6.gen
25	0	6217	Dic6	no	no	yes	no	GH_25_0_6217_Dic6__1.gen
25	0	6217	Dic6	no	no	yes	no	GH_25_0_6217_Dic6__2.gen
25	0	6265	G(24,6)	no	no	yes	no	GH_25_0_6265_G24_6__3.gen
25	0	6265	G(24,6)	no	no	yes	no	GH_25_0_6265_G24_6__1.gen
25	0	6265	G(24,6)	no	no	yes	no	GH_25_0_6265_G24_6__2.gen
25	0	6265	G(24,6)	no	no	yes	no	GH_25_0_6265_G24_6__4.gen
25	0	6289	D12	no	no	yes	no	GH_25_0_6289_D12__2.gen
25	0	6289	D12	no	no	yes	no	GH_25_0_6289_D12__3.gen
25	0	6289	D12	no	no	yes	no	GH_25_0_6289_D12__1.gen
25	0	6397	Z2xA4	no	no	yes	no	GH_25_0_6397_Z2xA4__3.gen
25	0	6393	Z2xA4	no	no	yes	no	GH_25_0_6393_Z2xA4.gen
25	0	6397	Z2xA4	no	no	yes	no	GH_25_0_6397_Z2xA4__2.gen
25	0	6397	Z2xA4	no	no	yes	no	GH_25_0_6397_Z2xA4__1.gen
25	0	6505	SL(2,3)	no	no	yes	no	GH_25_0_6505_SL2_3__2.gen
25	0	6505	SL(2,3)	no	no	yes	no	GH_25_0_6505_SL2_3__5.gen
25	0	6505	SL(2,3)	no	no	yes	no	GH_25_0_6505_SL2_3__1.gen
25	0	6505	SL(2,3)	no	no	yes	no	GH_25_0_6505_SL2_3__4.gen
25	0	6505	SL(2,3)	no	no	yes	no	GH_25_0_6505_SL2_3__3.gen
25	0	6841	S4	no	no	yes	no	GH_25_0_6841_S4__3.gen
25	0	6841	S4	no	no	yes	no	GH_25_0_6841_S4__4.gen
25	0	6841	S4	no	no	yes	no	GH_25_0_6841_S4__1.gen
25	0	6841	S4	no	no	yes	no	GH_25_0_6841_S4__2.gen
26	0	1801	Z5xZ5	no	no	no	no	GH_26_0_1801_Z5xZ5.gen
26	0	4551	Z25	no	no	yes	no	GH_26_0_4551_Z25__3.gen
26	0	4551	Z25	no	no	yes	no	GH_26_0_4551_Z25__4.gen
26	0	4551	Z5xZ5	no	no	yes	no	GH_26_0_4551_Z5xZ5__2.gen
26	0	4547	Z5xZ5	no	no	yes	no	GH_26_0_4547_Z5xZ5.gen
26	0	4551	Z25	no	no	yes	no	GH_26_0_4551_Z25__5.gen
26	0	4549	Z5xZ5	no	no	yes	no	GH_26_0_4549_Z5xZ5.gen
26	0	4551	Z25	no	no	yes	no	GH_26_0_4551_Z25__1.gen
26	0	4551	Z5xZ5	no	no	yes	no	GH_26_0_4551_Z5xZ5__1.gen
26	0	4551	Z25	no	no	yes	no	GH_26_0_4551_Z25__2.gen
27	0	775	D13	no	no	no	no	GH_27_0_775_D13.gen
27	0	2103	D13	no	no	no	no	GH_27_0_2103_D13.gen
27	0	3813	D13	no	no	yes	no	GH_27_0_3813_D13.gen
27	0	3823	D13	no	no	yes	no	GH_27_0_3823_D13.gen
27	0	4335	D13	no	no	no	no	GH_27_0_4335_D13__1.gen
27	0	4335	D13	no	no	no	no	GH_27_0_4335_D13__2.gen
27	0	5097	Z2xZ13	no	no	yes	no	GH_27_0_5097_Z2xZ13__3.gen
27	0	5097	Z2xZ13	no	no	yes	no	GH_27_0_5097_Z2xZ13__2.gen
27	0	5097	Z2xZ13	no	no	yes	no	GH_27_0_5097_Z2xZ13__1.gen
27	0	5097	Z2xZ13	no	no	yes	no	GH_27_0_5097_Z2xZ13__4.gen
27	0	8207	D13	no	no	yes	no	GH_27_0_8207_D13.gen
27	0	8217	D13	no	no	yes	no	GH_27_0_8217_D13__2.gen
27	0	8217	D13	no	no	yes	no	GH_27_0_8217_D13__1.gen
27	0	8215	D13	no	no	yes	no	GH_27_0_8215_D13.gen
27	0	8213	D13	no	no	yes	no	GH_27_0_8213_D13.gen
27	0	8217	D13	no	no	yes	no	GH_27_0_8217_D13__3.gen
28	0	1207	He3	no	no	no	no	GH_28_0_1207_He3.gen
28	0	2273	Z3xZ3xZ3	no	no	no	no	GH_28_0_2273_Z3xZ3xZ3.gen
28	0	2275	Z3xZ9	no	no	no	no	GH_28_0_2275_Z3xZ9.gen
28	0	2449	Z3xZ3xZ3	no	no	no	no	GH_28_0_2449_Z3xZ3xZ3.gen
28	0	2851	He3	no	no	no	no	GH_28_0_2851_He3.gen
28	0	2851	Z9:Z3	no	no	no	no	GH_28_0_2851_Z9sZ3.gen
28	0	3499	He3	no	no	no	no	GH_28_0_3499_He3__2.gen
28	0	3499	He3	no	no	no	no	GH_28_0_3499_He3__1.gen
28	0	3853	He3	no	no	no	no	GH_28_0_3853_He3.gen
28	0	3853	Z9:Z3	no	no	no	no	GH_28_0_3853_Z9sZ3.gen
28	0	5671	Z3xZ9	no	no	yes	no	GH_28_0_5671_Z3xZ9__2.gen
28	0	5671	Z3xZ9	no	no	yes	no	GH_28_0_5671_Z3xZ9__5.gen
28	0	5665	Z3xZ9	no	no	yes	no	GH_28_0_5665_Z3xZ9.gen
28	0	5671	Z3xZ3xZ3	no	no	yes	no	GH_28_0_5671_Z3xZ3xZ3__1.gen
28	0	5671	Z3xZ9	no	no	yes	no	GH_28_0_5671_Z3xZ9__1.gen
28	0	5671	Z27	no	no	yes	no	GH_28_0_5671_Z27__3.gen
28	0	5671	Z3xZ3xZ3	no	no	yes	no	GH_28_0_5671_Z3xZ3xZ3__3.gen
28	0	5671	Z3xZ9	no	no	yes	no	GH_28_0_5671_Z3xZ9__3.gen
28	0	5671	Z27	no	no	yes	no	GH_28_0_5671_Z27__1.gen
28	0	5671	Z3xZ3xZ3	no	no	yes	no	GH_28_0_5671_Z3xZ3xZ3__2.gen
28	0	5671	Z3xZ9	no	no	yes	no	GH_28_0_5671_Z3xZ9__4.gen
28	0	5671	Z27	no	no	yes	no	GH_28_0_5671_Z27__2.gen
28	0	8587	Z9:Z3	no	no	yes	no	GH_28_0_8587_Z9sZ3__1.gen
28	0	8587	He3	no	no	yes	no	GH_28_0_8587_He3__2.gen
28	0	8587	He3	no	no	yes	no	GH_28_0_8587_He3__3.gen
28	0	8587	Z9:Z3	no	no	yes	no	GH_28_0_8587_Z9sZ3__3.gen
28	0	8581	He3	no	no	yes	no	GH_28_0_8581_He3.gen
28	0	8587	Z9:Z3	no	no	yes	no	GH_28_0_8587_Z9sZ3__5.gen
28	0	8587	He3	no	no	yes	no	GH_28_0_8587_He3__1.gen
28	0	8587	Z9:Z3	no	no	yes	no	GH_28_0_8587_Z9sZ3__4.gen
28	0	8585	He3	no	no	yes	no	GH_28_0_8585_He3.gen
28	0	8587	Z9:Z3	no	no	yes	no	GH_28_0_8587_Z9sZ3__6.gen
28	0	8587	He3	no	no	yes	no	GH_28_0_8587_He3__4.gen
28	0	8587	Z9:Z3	no	no	yes	no	GH_28_0_8587_Z9sZ3__2.gen
29	0	2521	Dic7	no	no	no	no	GH_29_0_2521_Dic7.gen
29	0	2613	Dic7	no	no	no	no	GH_29_0_2613_Dic7.gen
29	0	2631	D14	no	no	no	no	GH_29_0_2631_D14.gen
29	0	5133	Dic7	no	no	no	no	GH_29_0_5133_Dic7.gen
29	0	5175	D14	no	no	no	no	GH_29_0_5175_D14__1.gen
29	0	5175	D14	no	no	no	no	GH_29_0_5175_D14__2.gen
29	0	5245	Dic7	no	no	no	no	GH_29_0_5245_Dic7__1.gen
29	0	5245	Dic7	no	no	no	no	GH_29_0_5245_Dic7__2.gen
29	0	5245	Dic7	no	no	no	no	GH_29_0_5245_Dic7__3.gen
29	0	5301	D14	no	no	no	no	GH_29_0_5301_D14__2.gen
29	0	5301	D14	no	no	no	no	GH_29_0_5301_D14__1.gen
29	0	6301	Z4xZ7	no	no	yes	no	GH_29_0_6301_Z4xZ7__1.gen
29	0	6301	Z4xZ7	no	no	yes	no	GH_29_0_6301_Z4xZ7__3.gen
29	0	6301	Z4xZ7	no	no	yes	no	GH_29_0_6301_Z4xZ7__2.gen
29	0	6315	Z2xZ2xZ7	no	no	yes	no	GH_29_0_6315_Z2xZ2xZ7__5.gen
29	0	6315	Z2xZ2xZ7	no	no	yes	no	GH_29_0_6315_Z2xZ2xZ7__4.gen
29	0	6315	Z2xZ2xZ7	no	no	yes	no	GH_29_0_6315_Z2xZ2xZ7__2.gen
29	0	6315	Z2xZ2xZ7	no	no	yes	no	GH_29_0_6315_Z2xZ2xZ7__3.gen
29	0	6315	Z2xZ2xZ7	no	no	yes	no	GH_29_0_6315_Z2xZ2xZ7__1.gen
29	0	9811	Dic7	no	no	yes	no	GH_29_0_9811_Dic7.gen
29	0	9829	Dic7	no	no	yes	no	GH_29_0_9829_Dic7__4.gen
29	0	9829	Dic7	no	no	yes	no	GH_29_0_9829_Dic7__5.gen
29	0	9829	Dic7	no	no	yes	no	GH_29_0_9829_Dic7__1.gen
29	0	9829	Dic7	no	no	yes	no	GH_29_0_9829_Dic7__2.gen
29	0	9829	Dic7	no	no	yes	no	GH_29_0_9829_Dic7__3.gen
29	0	9927	D14	no	no	yes	no	GH_29_0_9927_D14__2.gen
29	0	9927	D14	no	no	yes	no	GH_29_0_9927_D14__1.gen
29	0	9927	D14	no	no	yes	no	GH_29_0_9927_D14__4.gen
29	0	9927	D14	no	no	yes	no	GH_29_0_9927_D14__3.gen
29	0	9927	D14	no	no	yes	no	GH_29_0_9927_D14__5.gen
30	0	6961	Z29	no	no	yes	no	GH_30_0_6961_Z29__1.gen
30	0	6961	Z29	no	no	yes	no	GH_30_0_6961_Z29__4.gen
30	0	6961	Z29	no	no	yes	no	GH_30_0_6961_Z29__3.gen
30	0	6961	Z29	no	no	yes	no	GH_30_0_6961_Z29__2.gen
31	0	3229	D15	no	no	no	no	GH_31_0_3229_D15.gen
31	0	4335	Z3:Z10	no	no	no	no	GH_31_0_4335_Z3sZ10.gen
31	0	4537	D15	no	no	no	no	GH_31_0_4537_D15.gen
31	0	6277	Z3:Z10	no	no	no	no	GH_31_0_6277_Z3sZ10.gen
31	0	6281	Z3:Z10	no	no	no	no	GH_31_0_6281_Z3sZ10__1.gen
31	0	6281	Z3:Z10	no	no	no	no	GH_31_0_6281_Z3sZ10__2.gen
31	0	6355	Z5:Z6	no	no	no	no	GH_31_0_6355_Z5sZ6__2.gen
31	0	6355	Z5:Z6	no	no	no	no	GH_31_0_6355_Z5sZ6__1.gen
31	0	6603	D15	no	no	no	no	GH_31_0_6603_D15__1.gen
31	0	6603	D15	no	no	no	no	GH_31_0_6603_D15__2.gen
31	0	7677	Z2xZ3xZ5	no	no	yes	no	GH_31_0_7677_Z2xZ3xZ5.gen
31	0	7681	Z2xZ3xZ5	no	no	yes	no	GH_31_0_7681_Z2xZ3xZ5__1.gen
31	0	7681	Z2xZ3xZ5	no	no	yes	no	GH_31_0_7681_Z2xZ3xZ5__2.gen
31	0	11069	Z3:Z10	no	no	yes	no	GH_31_0_11069_Z3sZ10.gen
31	0	11071	Z3:Z10	no	no	yes	no	GH_31_0_11071_Z3sZ10__3.gen
31	0	11071	Z3:Z10	no	no	yes	no	GH_31_0_11071_Z3sZ10__4.gen
31	0	11071	Z3:Z10	no	no	yes	no	GH_31_0_11071_Z3sZ10__2.gen
31	0	11071	Z3:Z10	no	no	yes	no	GH_31_0_11071_Z3sZ10__5.gen
31	0	11071	Z3:Z10	no	no	yes	no	GH_31_0_11071_Z3sZ10__1.gen
31	0	11761	Z5:Z6	no	no	yes	no	GH_31_0_11761_Z5sZ6__4.gen
31	0	11761	Z5:Z6	no	no	yes	no	GH_31_0_11761_Z5sZ6__2.gen
31	0	11761	Z5:Z6	no	no	yes	no	GH_31_0_11761_Z5sZ6__3.gen
31	0	11757	Z5:Z6	no	no	yes	no	GH_31_0_11757_Z5sZ6.gen
31	0	11761	Z5:Z6	no	no	yes	no	GH_31_0_11761_Z5sZ6__1.gen
31	0	11761	Z5:Z6	no	no	yes	no	GH_31_0_11761_Z5sZ6__5.gen
31	0	12499	D15	no	no	yes	no	GH_31_0_12499_D15.gen
31	0	12501	D15	no	no	yes	no	GH_31_0_12501_D15.gen
31	0	12511	D15	no	no	yes	no	GH_31_0_12511_D15__2.gen
31	0	12511	D15	no	no	yes	no	GH_31_0_12511_D15__3.gen
31	0	12509	D15	no	no	yes	no	GH_31_0_12509_D15.gen
31	0	12511	D15	no	no	yes	no	GH_31_0_12511_D15__1.gen
32	0	8433	Z31	no	no	yes	no	GH_32_0_8433_Z31__1.gen
32	0	8431	Z31	no	no	yes	no	GH_32_0_8431_Z31.gen
32	0	8433	Z31	no	no	yes	no	GH_32_0_8433_Z31__2.gen
33	0	338	SD32	no	no	no	no	GH_33_0_338_SD32.gen
33	0	866	G(32,35)	no	no	no	no	GH_33_0_866_G32_35.gen
33	0	892	Dih(Z4xZ4)	no	no	no	no	GH_33_0_892_DihZ4xZ4.gen
33	0	1170	Dih(Z4xZ4)	no	yes	no	no	GH_33_0_1170_DihZ4xZ4.gen
33	0	1243	Z2xD4oZ4	no	no	no	no	GH_33_0_1243_Z2xD4oZ4.gen
33	0	1338	G(32,5)	no	no	no	no	GH_33_0_1338_G32_5.gen
33	0	1465	Dih(Z2xZ8)	no	no	no	no	GH_33_0_1465_DihZ2xZ8.gen
33	0	1469	Z2xZ2xQ8	no	no	no	no	GH_33_0_1469_Z2xZ2xQ8.gen
33	0	1577	Z2xZ2xZ2xZ4	no	no	no	no	GH_33_0_1577_Z2xZ2xZ2xZ4.gen
33	0	1577	G(32,46)	no	no	no	no	GH_33_0_1577_G32_46.gen
33	0	1583	Z2xZ2xZ2xZ2xZ2	no	yes	no	no	GH_33_0_1583_Z2xZ2xZ2xZ2xZ2.gen
33	0	1719	Z2xZ2xZ2xZ2xZ2	no	yes	no	no	GH_33_0_1719_Z2xZ2xZ2xZ2xZ2.gen
33	0	1780	G(32,25)	no	no	no	no	GH_33_0_1780_G32_25.gen
33	0	2095	G(32,17)	no	no	no	no	GH_33_0_2095_G32_17.gen
33	0	2188	G(32,34)	no	no	no	no	GH_33_0_2188_G32_34.gen
33	0	2277	G(32,23)	no	no	no	no	GH_33_0_2277_G32_23.gen
33	0	2283	G(32,24)	no	no	no	no	GH_33_0_2283_G32_24.gen
33	0	2438	Z8:Z4#3	no	no	no	no	GH_33_0_2438_Z8sZ4_3.gen
33	0	2515	Z8:Z4#3	no	no	no	no	GH_33_0_2515_Z8sZ4_3.gen
33	0	2565	Z4xQ8	no	no	no	no	GH_33_0_2565_Z4xQ8.gen
33	0	2840	G(32,20)	no	no	no	no	GH_33_0_2840_G32_20.gen
33	0	2840	G(32,34)	no	no	no	no	GH_33_0_2840_G32_34.gen
33	0	2847	G(32,24)	no	no	no	no	GH_33_0_2847_G32_24.gen
33	0	2852	G(32,9)	no	no	no	no	GH_33_0_2852_G32_9.gen
33	0	2896	G(32,15)	no	no	no	no	GH_33_0_2896_G32_15.gen
33	0	2959	G(32,46)	no	no	no	no	GH_33_0_2959_G32_46.gen
33	0	2969	Dih(Z4xZ4)	no	no	no	no	GH_33_0_2969_DihZ4xZ4.gen
33	0	2975	G(32,5)	no	no	no	no	GH_33_0_2975_G32_5.gen
33	0	2975	G(32,27)	no	no	no	no	GH_33_0_2975_G32_27.gen
33	0	2993	G(32,12)	no	no	no	no	GH_33_0_2993_G32_12.gen
33	0	3019	G(32,33)	no	no	no	no	GH_33_0_3019_G32_33.gen
33	0	3051	Z2xD4oZ4	no	no	no	no	GH_33_0_3051_Z2xD4oZ4.gen
33	0	3111	G(32,15)	no	no	no	no	GH_33_0_3111_G32_15.gen
33	0	3131	G(32,9)	no	no	no	no	GH_33_0_3131_G32_9.gen
33	0	3163	G(32,5)	no	no	no	no	GH_33_0_3163_G32_5.gen
33	0	3179	Z2xZ2xQ8	no	no	no	no	GH_33_0_3179_Z2xZ2xQ8.gen
33	0	3207	G(32,5)	no	no	no	no	GH_33_0_3207_G32_5.gen
33	0	3279	Dih(Z4xZ4)	no	no	no	no	GH_33_0_3279_DihZ4xZ4.gen
33	0	3364	G(32,20)	no	no	no	no	GH_33_0_3364_G32_20.gen
33	0	3709	G(32,34)	no	no	no	no	GH_33_0_3709_G32_34.gen
33	0	3743	Z2xZ4:Z4	no	no	no	no	GH_33_0_3743_Z2xZ4sZ4.gen
33	0	3743	G(32,28)	no	no	no	no	GH_33_0_3743_G32_28.gen
33	0	3743	G(32,35)	no	no	no	no	GH_33_0_3743_G32_35.gen
33	0	3751	G(32,16)	no	no	no	no	GH_33_0_3751_G32_16.gen
33	0	3759	Z4xD4	no	no	no	no	GH_33_0_3759_Z4xD4.gen
33	0	3759	Z2xZ2xQ8	no	no	no	no	GH_33_0_3759_Z2xZ2xQ8.gen
33	0	3767	G(32,15)	no	no	no	no	GH_33_0_3767_G32_15.gen
33	0	3775	SD32	no	no	no	no	GH_33_0_3775_SD32.gen
33	0	3779	Z8:Z4	no	no	no	no	GH_33_0_3779_Z8sZ4.gen
33	0	3783	Dih(Z2xZ2xZ4)	no	no	no	no	GH_33_0_3783_DihZ2xZ2xZ4.gen
33	0	3783	G(32,15)	no	no	no	no	GH_33_0_3783_G32_15.gen
33	0	3783	G(32,18)	no	no	no	no	GH_33_0_3783_G32_18.gen
33	0	3783	Dih(Z4xZ4)	no	no	no	no	GH_33_0_3783_DihZ4xZ4.gen
33	0	3785	G(32,16)	no	no	no	no	GH_33_0_3785_G32_16.gen
33	0	3787	Z2xM16	no	no	no	no	GH_33_0_3787_Z2xM16.gen
33	0	3789	G(32,34)	no	no	no	no	GH_33_0_3789_G32_34.gen
33	0	3793	G(32,41)	no	no	no	no	GH_33_0_3793_G32_41.gen
33	0	3799	Z2xM16	no	no	no	no	GH_33_0_3799_Z2xM16.gen
33	0	3801	G(32,15)	no	no	no	no	GH_33_0_3801_G32_15.gen
33	0	3801	Dih(Z2xZ8)	no	no	no	no	GH_33_0_3801_DihZ2xZ8.gen
33	0	3801	G(32,23)	no	no	no	no	GH_33_0_3801_G32_23.gen
33	0	3801	Z8:Z4#3	no	no	no	no	GH_33_0_3801_Z8sZ4_3.gen
33	0	3807	G(32,17)	no	no	no	no	GH_33_0_3807_G32_17.gen
33	0	3811	Z2xZ4xZ4	no	no	no	no	GH_33_0_3811_Z2xZ4xZ4.gen
33	0	3811	G(32,28)	no	no	no	no	GH_33_0_3811_G32_28.gen
33	0	3823	Z2xZ2xQ8	no	no	no	no	GH_33_0_3823_Z2xZ2xQ8.gen
33	0	3823	Z2xSD16	no	no	no	no	GH_33_0_3823_Z2xSD16.gen
33	0	3827	G(32,5)	no	yes	no	no	GH_33_0_3827_G32_5.gen
33	0	3827	G(32,16)	no	no	no	no	GH_33_0_3827_G32_16.gen
33	0	3831	G(32,40)	no	no	no	no	GH_33_0_3831_G32_40.gen
33	0	3855	Z2xZ2xZ2xZ2xZ2	no	yes	no	no	GH_33_0_3855_Z2xZ2xZ2xZ2xZ2__2.gen
33	0	3855	Z2xZ2xZ2xZ2xZ2	no	yes	no	no	GH_33_0_3855_Z2xZ2xZ2xZ2xZ2__1.gen
33	0	3855	Dih(Z2xZ2xZ4)	no	no	no	no	GH_33_0_3855_DihZ2xZ2xZ4.gen
33	0	3855	Dih(Z4xZ4)	no	no	no	no	GH_33_0_3855_DihZ4xZ4.gen
33	0	3855	Dih(Z2xZ8)	no	yes	no	no	GH_33_0_3855_DihZ2xZ8.gen
33	0	3984	G(32,5)	no	no	no	no	GH_33_0_3984_G32_5.gen
33	0	3984	Z4xD4	no	no	no	no	GH_33_0_3984_Z4xD4.gen
33	0	4006	G(32,16)	no	no	no	no	GH_33_0_4006_G32_16.gen
33	0	4018	G(32,4)	no	no	no	no	GH_33_0_4018_G32_4.gen
33	0	4018	G(32,18)	no	no	no	no	GH_33_0_4018_G32_18.gen
33	0	4147	G(32,47)	no	no	no	no	GH_33_0_4147_G32_47.gen
33	0	4151	Z4xQ8	no	no	no	no	GH_33_0_4151_Z4xQ8.gen
33	0	4157	Z4xQ8	no	no	no	no	GH_33_0_4157_Z4xQ8.gen
33	0	4163	G(32,45)	no	no	no	no	GH_33_0_4163_G32_45.gen
33	0	4167	Z2xM16	no	no	no	no	GH_33_0_4167_Z2xM16.gen
33	0	4169	Z2xZ2xQ8	no	no	no	no	GH_33_0_4169_Z2xZ2xQ8.gen
33	0	4173	G(32,44)	no	no	no	no	GH_33_0_4173_G32_44.gen
33	0	4176	Dih(Z4xZ4)	no	no	no	no	GH_33_0_4176_DihZ4xZ4.gen
33	0	4179	G(32,24)	no	no	no	no	GH_33_0_4179_G32_24.gen
33	0	4195	Z2xM16	no	no	no	no	GH_33_0_4195_Z2xM16.gen
33	0	4199	Z2xZ2xQ8	no	no	no	no	GH_33_0_4199_Z2xZ2xQ8.gen
33	0	4201	Dih(Z2xZ2xZ4)	no	no	no	no	GH_33_0_4201_DihZ2xZ2xZ4.gen
33	0	4207	G(32,4)	no	no	no	no	GH_33_0_4207_G32_4.gen
33	0	4215	Z2xD4oZ4	no	no	no	no	GH_33_0_4215_Z2xD4oZ4.gen
33	0	4223	Z2xD4oZ4	no	no	no	no	GH_33_0_4223_Z2xD4oZ4.gen
33	0	4233	G(32,34)	no	no	no	no	GH_33_0_4233_G32_34.gen
33	0	4353	G(32,37)	no	no	no	no	GH_33_0_4353_G32_37.gen
33	0	4369	G(32,25)	no	no	no	no	GH_33_0_4369_G32_25.gen
33	0	4373	G(32,45)	no	no	no	no	GH_33_0_4373_G32_45.gen
33	0	4373	G(32,47)	no	no	no	no	GH_33_0_4373_G32_47.gen
33	0	5093	Z2xZ2xQ8	no	no	no	no	GH_33_0_5093_Z2xZ2xQ8.gen
33	0	5101	G(32,35)	no	no	no	no	GH_33_0_5101_G32_35.gen
33	0	5113	Z2xD4oZ4	no	no	no	no	GH_33_0_5113_Z2xD4oZ4.gen
33	0	5117	Z2xSD16	no	no	no	no	GH_33_0_5117_Z2xSD16.gen
33	0	5133	Z4xD4	no	no	no	no	GH_33_0_5133_Z4xD4.gen
33	0	5137	Dih(Z2xZ2xZ4)	no	no	no	no	GH_33_0_5137_DihZ2xZ2xZ4.gen
33	0	5141	Dih(Z4xZ4)	no	no	no	no	GH_33_0_5141_DihZ4xZ4.gen
33	0	5167	Z2xSD16	no	no	no	no	GH_33_0_5167_Z2xSD16.gen
33	0	5173	Dih(Z4xZ4)	no	no	no	no	GH_33_0_5173_DihZ4xZ4.gen
33	0	5175	Dih(Z2xZ8)	no	no	no	no	GH_33_0_5175_DihZ2xZ8.gen
33	0	5181	Z2xZ2xQ8	no	no	no	no	GH_33_0_5181_Z2xZ2xQ8.gen
33	0	5181	Z4xQ8	no	no	no	no	GH_33_0_5181_Z4xQ8.gen
33	0	5197	Z2xZ4:Z4	no	no	no	no	GH_33_0_5197_Z2xZ4sZ4.gen
33	0	5205	Z2xD4oZ4	no	no	no	no	GH_33_0_5205_Z2xD4oZ4.gen
33	0	5299	G(32,18)	no	no	no	no	GH_33_0_5299_G32_18.gen
33	0	5299	G(32,25)	no	no	no	no	GH_33_0_5299_G32_25.gen
33	0	5315	Dih(Z4xZ4)	no	no	no	no	GH_33_0_5315_DihZ4xZ4.gen
33	0	5315	G(32,5)	no	no	no	no	GH_33_0_5315_G32_5.gen
33	0	5319	Z2xZ2xQ8	no	no	no	no	GH_33_0_5319_Z2xZ2xQ8.gen
33	0	5345	G(32,25)	no	no	no	no	GH_33_0_5345_G32_25.gen
33	0	5351	G(32,4)	no	no	no	no	GH_33_0_5351_G32_4.gen
33	0	5351	Z2xZ4:Z4	no	no	no	no	GH_33_0_5351_Z2xZ4sZ4.gen
33	0	5367	G(32,4)	no	no	no	no	GH_33_0_5367_G32_4.gen
33	0	5367	Dih(Z2xZ2xZ4)	no	no	no	no	GH_33_0_5367_DihZ2xZ2xZ4.gen
33	0	5369	G(32,45)	no	no	no	no	GH_33_0_5369_G32_45.gen
33	0	5383	G(32,34)	no	no	no	no	GH_33_0_5383_G32_34.gen
33	0	5387	Z2xSD16	no	no	no	no	GH_33_0_5387_Z2xSD16.gen
33	0	5391	G(32,28)	no	no	no	no	GH_33_0_5391_G32_28.gen
33	0	5393	G(32,24)	no	no	no	no	GH_33_0_5393_G32_24.gen
33	0	5413	G(32,20)	no	no	no	no	GH_33_0_5413_G32_20.gen
33	0	5477	G(32,5)	no	no	no	no	GH_33_0_5477_G32_5.gen
33	0	5543	G(32,45)	no	no	no	no	GH_33_0_5543_G32_45.gen
33	0	5567	G(32,24)	no	no	no	no	GH_33_0_5567_G32_24.gen
33	0	5631	G(32,24)	no	no	no	no	GH_33_0_5631_G32_24.gen
33	0	5655	G(32,47)	no	no	no	no	GH_33_0_5655_G32_47.gen
33	0	5807	Dih(Z4xZ4)	no	no	no	no	GH_33_0_5807_DihZ4xZ4.gen
33	0	5907	Q32	no	no	no	no	GH_33_0_5907_Q32.gen
33	0	6301	Z8:Z4#3	no	no	no	no	GH_33_0_6301_Z8sZ4_3.gen
33	0	6309	Z8:Z4#2	no	no	no	no	GH_33_0_6309_Z8sZ4_2.gen
33	0	6317	Z8:Z4#3	no	no	no	no	GH_33_0_6317_Z8sZ4_3.gen
33	0	6321	G(32,44)	no	no	no	no	GH_33_0_6321_G32_44.gen
33	0	6329	G(32,34)	no	no	no	no	GH_33_0_6329_G32_34.gen
33	0	6331	G(32,28)	no	no	no	no	GH_33_0_6331_G32_28.gen
33	0	6333	Z2xSD16	no	no	no	no	GH_33_0_6333_Z2xSD16.gen
33	0	6337	G(32,18)	no	no	no	no	GH_33_0_6337_G32_18.gen
33	0	6349	G(32,18)	no	no	no	no	GH_33_0_6349_G32_18.gen
33	0	6353	G(32,20)	no	no	no	no	GH_33_0_6353_G32_20.gen
33	0	6355	G(32,15)	no	no	no	no	GH_33_0_6355_G32_15.gen
33	0	6357	Dih(Z2xZ8)	no	no	no	no	GH_33_0_6357_DihZ2xZ8.gen
33	0	6365	G(32,9)	no	no	no	no	GH_33_0_6365_G32_9.gen
33	0	6365	Z2xM16	no	no	no	no	GH_33_0_6365_Z2xM16.gen
33	0	6365	Z2xZ2xQ8	no	no	no	no	GH_33_0_6365_Z2xZ2xQ8.gen
33	0	6365	Z2xZ4:Z4	no	no	no	no	GH_33_0_6365_Z2xZ4sZ4.gen
33	0	6405	Z2xZ4:Z4	no	no	no	no	GH_33_0_6405_Z2xZ4sZ4.gen
33	0	6413	Z2xZ2xQ8	no	no	no	no	GH_33_0_6413_Z2xZ2xQ8.gen
33	0	6413	Z2xZ4:Z4	no	no	no	no	GH_33_0_6413_Z2xZ4sZ4.gen
33	0	6413	G(32,17)	no	no	no	no	GH_33_0_6413_G32_17.gen
33	0	6421	G(32,17)	no	no	no	no	GH_33_0_6421_G32_17.gen
33	0	6437	G(32,4)	no	no	no	no	GH_33_0_6437_G32_4.gen
33	0	6441	Z2xD4oZ4	no	no	no	no	GH_33_0_6441_Z2xD4oZ4.gen
33	0	6443	Z4xD4	no	no	no	no	GH_33_0_6443_Z4xD4__2.gen
33	0	6443	Z4xD4	no	no	no	no	GH_33_0_6443_Z4xD4__1.gen
33	0	6445	G(32,4)	no	no	no	no	GH_33_0_6445_G32_4.gen
33	0	6477	Dih(Z2xZ2xZ4)	no	no	no	no	GH_33_0_6477_DihZ2xZ2xZ4.gen
33	0	6647	G(32,46)	no	no	no	no	GH_33_0_6647_G32_46.gen
33	0	6649	G(32,25)	no	no	no	no	GH_33_0_6649_G32_25.gen
33	0	6649	G(32,46)	no	no	no	no	GH_33_0_6649_G32_46.gen
33	0	6651	G(32,47)	no	no	no	no	GH_33_0_6651_G32_47__2.gen
33	0	6651	G(32,47)	no	no	no	no	GH_33_0_6651_G32_47__1.gen
33	0	6671	G(32,26)	no	no	no	no	GH_33_0_6671_G32_26.gen
33	0	6673	G(32,26)	no	no	no	no	GH_33_0_6673_G32_26.gen
33	0	6675	G(32,25)	no	no	no	no	GH_33_0_6675_G32_25.gen
33	0	6675	G(32,27)	no	no	no	no	GH_33_0_6675_G32_27.gen
33	0	6693	G(32,26)	no	no	no	no	GH_33_0_6693_G32_26.gen
33	0	7189	G(32,35)	no	no	no	no	GH_33_0_7189_G32_35.gen
33	0	7189	G(32,41)	no	no	no	no	GH_33_0_7189_G32_41.gen
33	0	7193	G(32,41)	no	no	no	no	GH_33_0_7193_G32_41.gen
33	0	7197	G(32,34)	no	no	no	no	GH_33_0_7197_G32_34.gen
33	0	7197	Z2xQ16	no	no	no	no	GH_33_0_7197_Z2xQ16.gen
33	0	7197	Z8:Z4#3	no	no	no	no	GH_33_0_7197_Z8sZ4_3.gen
33	0	7211	G(32,16)	no	no	no	no	GH_33_0_7211_G32_16.gen
33	0	7225	G(32,40)	no	no	no	no	GH_33_0_7225_G32_40.gen
33	0	7241	G(32,44)	no	no	no	no	GH_33_0_7241_G32_44.gen
33	0	7245	Z8:Z4#2	no	no	no	no	GH_33_0_7245_Z8sZ4_2.gen
33	0	7253	Z8:Z4#3	no	no	no	no	GH_33_0_7253_Z8sZ4_3.gen
33	0	7257	Dih(Z4xZ4)	no	no	no	no	GH_33_0_7257_DihZ4xZ4.gen
33	0	7261	Dih(Z4xZ4)	no	no	no	no	GH_33_0_7261_DihZ4xZ4.gen
33	0	7261	Z2xSD16	no	no	no	no	GH_33_0_7261_Z2xSD16.gen
33	0	7261	Dih(Z2xZ8)	no	no	no	no	GH_33_0_7261_DihZ2xZ8.gen
33	0	7273	G(32,23)	no	no	no	no	GH_33_0_7273_G32_23.gen
33	0	7301	Dih(Z2xZ8)	no	no	no	no	GH_33_0_7301_DihZ2xZ8.gen
33	0	7709	M32	no	no	no	no	GH_33_0_7709_M32__3.gen
33	0	7637	Z8:Z4#2	no	no	no	no	GH_33_0_7637_Z8sZ4_2__2.gen
33	0	7635	Z8:Z4#2	no	no	no	no	GH_33_0_7635_Z8sZ4_2.gen
33	0	7637	Q32	no	no	no	no	GH_33_0_7637_Q32__2.gen
33	0	7637	Z8:Z4#2	no	no	no	no	GH_33_0_7637_Z8sZ4_2__1.gen
33	0	7639	G(32,41)	no	no	no	no	GH_33_0_7639_G32_41__1.gen
33	0	7637	Q32	no	no	no	no	GH_33_0_7637_Q32__1.gen
33	0	7639	G(32,41)	no	no	no	no	GH_33_0_7639_G32_41__2.gen
33	0	7641	G(32,44)	no	no	no	no	GH_33_0_7641_G32_44.gen
33	0	7645	Z8:Z4#3	no	no	no	no	GH_33_0_7645_Z8sZ4_3__2.gen
33	0	7645	Z8:Z4#3	no	no	no	no	GH_33_0_7645_Z8sZ4_3__1.gen
33	0	7655	G(32,33)	no	no	no	no	GH_33_0_7655_G32_33__1.gen
33	0	7655	G(32,33)	no	no	no	no	GH_33_0_7655_G32_33__2.gen
33	0	7659	Z2xQ16	no	no	no	no	GH_33_0_7659_Z2xQ16.gen
33	0	7661	Z2xQ16	no	no	no	no	GH_33_0_7661_Z2xQ16.gen
33	0	7673	G(32,23)	no	no	no	no	GH_33_0_7673_G32_23__1.gen
33	0	7673	G(32,23)	no	no	no	no	GH_33_0_7673_G32_23__2.gen
33	0	7685	Z2xSD16	no	no	no	no	GH_33_0_7685_Z2xSD16.gen
33	0	7689	G(32,35)	no	no	no	no	GH_33_0_7689_G32_35__1.gen
33	0	7687	G(32,40)	no	no	no	no	GH_33_0_7687_G32_40__2.gen
33	0	7687	G(32,40)	no	no	no	no	GH_33_0_7687_G32_40__1.gen
33	0	7689	G(32,35)	no	no	no	no	GH_33_0_7689_G32_35__2.gen
33	0	7697	G(32,34)	no	no	no	no	GH_33_0_7697_G32_34__1.gen
33	0	7697	G(32,34)	no	no	no	no	GH_33_0_7697_G32_34__2.gen
33	0	7701	D16	no	no	no	no	GH_33_0_7701_D16__2.gen
33	0	7701	G(32,28)	no	no	no	no	GH_33_0_7701_G32_28.gen
33	0	7701	D16	no	no	no	no	GH_33_0_7701_D16__1.gen
33	0	7707	Z8:Z4	no	no	no	no	GH_33_0_7707_Z8sZ4__2.gen
33	0	7707	Z8:Z4	no	no	no	no	GH_33_0_7707_Z8sZ4__1.gen
33	0	7709	M32	no	no	no	no	GH_33_0_7709_M32__2.gen
33	0	7709	G(32,16)	no	no	no	no	GH_33_0_7709_G32_16.gen
33	0	7709	M32	no	no	no	no	GH_33_0_7709_M32__1.gen
33	0	7713	Z4:Z8	no	no	no	no	GH_33_0_7713_Z4sZ8__1.gen
33	0	7713	Z4:Z8	no	no	no	no	GH_33_0_7713_Z4sZ8__2.gen
33	0	7715	G(32,18)	no	no	no	no	GH_33_0_7715_G32_18.gen
33	0	7721	G(32,20)	no	no	no	no	GH_33_0_7721_G32_20__1.gen
33	0	7729	G(32,12)	no	no	no	no	GH_33_0_7729_G32_12__1.gen
33	0	7717	G(32,20)	no	no	no	no	GH_33_0_7717_G32_20.gen
33	0	7721	G(32,18)	no	no	no	no	GH_33_0_7721_G32_18__1.gen
33	0	7719	G(32,20)	no	no	no	no	GH_33_0_7719_G32_20.gen
33	0	7721	G(32,18)	no	no	no	no	GH_33_0_7721_G32_18__2.gen
33	0	7721	G(32,20)	no	no	no	no	GH_33_0_7721_G32_20__2.gen
33	0	7725	Dih(Z2xZ8)	no	no	no	no	GH_33_0_7725_DihZ2xZ8__2.gen
33	0	7729	G(32,12)	no	no	no	no	GH_33_0_7729_G32_12__3.gen
33	0	7725	Dih(Z2xZ8)	no	no	no	no	GH_33_0_7725_DihZ2xZ8__1.gen
33	0	7729	Z4xQ8	no	no	no	no	GH_33_0_7729_Z4xQ8__2.gen
33	0	7729	G(32,12)	no	no	no	no	GH_33_0_7729_G32_12__4.gen
33	0	7729	G(32,12)	no	no	no	no	GH_33_0_7729_G32_12__2.gen
33	0	7729	G(32,17)	no	no	no	no	GH_33_0_7729_G32_17.gen
33	0	7729	Z4xQ8	no	no	no	no	GH_33_0_7729_Z4xQ8__1.gen
33	0	7731	G(32,17)	no	no	no	no	GH_33_0_7731_G32_17.gen
33	0	7741	G(32,37)	no	no	no	no	GH_33_0_7741_G32_37__1.gen
33	0	7739	G(32,9)	no	no	no	no	GH_33_0_7739_G32_9__2.gen
33	0	7737	Z2xM16	no	no	no	no	GH_33_0_7737_Z2xM16.gen
33	0	7739	G(32,9)	no	no	no	no	GH_33_0_7739_G32_9__1.gen
33	0	7739	Z2xM16	no	no	no	no	GH_33_0_7739_Z2xM16.gen
33	0	7741	G(32,15)	no	no	no	no	GH_33_0_7741_G32_15__2.gen
33	0	7741	G(32,37)	no	no	no	no	GH_33_0_7741_G32_37__2.gen
33	0	7741	G(32,15)	no	no	no	no	GH_33_0_7741_G32_15__1.gen
33	0	7741	G(32,37)	no	no	no	no	GH_33_0_7741_G32_37__3.gen
33	0	7747	Z2xZ4:Z4	no	no	no	no	GH_33_0_7747_Z2xZ4sZ4__2.gen
33	0	7747	Z2xZ4:Z4	no	no	no	no	GH_33_0_7747_Z2xZ4sZ4__1.gen
33	0	7761	Dih(Z4xZ4)	no	no	no	no	GH_33_0_7761_DihZ4xZ4__1.gen
33	0	7761	G(32,5)	no	no	no	no	GH_33_0_7761_G32_5__2.gen
33	0	7761	Z4xD4	no	no	no	no	GH_33_0_7761_Z4xD4__2.gen
33	0	7761	Dih(Z4xZ4)	no	no	no	no	GH_33_0_7761_DihZ4xZ4__4.gen
33	0	7761	G(32,5)	no	no	no	no	GH_33_0_7761_G32_5__3.gen
33	0	7759	Z4xD4	no	no	no	no	GH_33_0_7759_Z4xD4.gen
33	0	7761	Dih(Z4xZ4)	no	no	no	no	GH_33_0_7761_DihZ4xZ4__3.gen
33	0	7761	G(32,5)	no	no	no	no	GH_33_0_7761_G32_5__1.gen
33	0	7761	Z4xD4	no	no	no	no	GH_33_0_7761_Z4xD4__1.gen
33	0	7761	Dih(Z4xZ4)	no	no	no	no	GH_33_0_7761_DihZ4xZ4__2.gen
33	0	7779	G(32,4)	no	no	no	no	GH_33_0_7779_G32_4__2.gen
33	0	7779	G(32,4)	no	no	no	no	GH_33_0_7779_G32_4__4.gen
33	0	7779	G(32,4)	no	no	no	no	GH_33_0_7779_G32_4__1.gen
33	0	7779	Z2xZ2xQ8	no	no	no	no	GH_33_0_7779_Z2xZ2xQ8__1.gen
33	0	7779	G(32,4)	no	no	no	no	GH_33_0_7779_G32_4__3.gen
33	0	7779	Z2xZ2xQ8	no	no	no	no	GH_33_0_7779_Z2xZ2xQ8__2.gen
33	0	7803	Z2xD4oZ4	no	no	no	no	GH_33_0_7803_Z2xD4oZ4__1.gen
33	0	7803	Q32	no	no	no	no	GH_33_0_7803_Q32__1.gen
33	0	7803	Z2xD4oZ4	no	no	no	no	GH_33_0_7803_Z2xD4oZ4__2.gen
33	0	7803	Q32	no	no	no	no	GH_33_0_7803_Q32__2.gen
33	0	7823	SD32	no	no	no	no	GH_33_0_7823_SD32.gen
33	0	7827	SD32	no	no	no	no	GH_33_0_7827_SD32__2.gen
33	0	7827	SD32	no	no	no	no	GH_33_0_7827_SD32__1.gen
33	0	7843	Dih(Z2xZ2xZ4)	no	yes	no	no	GH_33_0_7843_DihZ2xZ2xZ4__2.gen
33	0	7843	Dih(Z2xZ2xZ4)	no	no	no	no	GH_33_0_7843_DihZ2xZ2xZ4__1.gen
33	0	7867	D16	no	no	no	no	GH_33_0_7867_D16__1.gen
33	0	7867	D16	no	no	no	no	GH_33_0_7867_D16__2.gen
33	0	9249	Z32	no	no	yes	no	GH_33_0_9249_Z32__5.gen
33	0	9249	Z32	no	no	yes	no	GH_33_0_9249_Z32__4.gen
33	0	9249	Z32	no	no	yes	no	GH_33_0_9249_Z32__1.gen
33	0	9249	Z32	no	no	yes	no	GH_33_0_9249_Z32__2.gen
33	0	9249	Z32	no	no	yes	no	GH_33_0_9249_Z32__3.gen
33	0	9265	Z4xZ8	no	no	yes	no	GH_33_0_9265_Z4xZ8__2.gen
33	0	9265	Z2xZ16	no	no	yes	no	GH_33_0_9265_Z2xZ16__3.gen
33	0	9265	Z4xZ8	no	no	yes	no	GH_33_0_9265_Z4xZ8__6.gen
33	0	9265	Z4xZ8	no	no	yes	no	GH_33_0_9265_Z4xZ8__5.gen
33	0	9265	Z2xZ16	no	no	yes	no	GH_33_0_9265_Z2xZ16__1.gen
33	0	9265	Z2xZ16	no	no	yes	no	GH_33_0_9265_Z2xZ16__5.gen
33	0	9265	Z4xZ8	no	no	yes	no	GH_33_0_9265_Z4xZ8__3.gen
33	0	9265	Z2xZ16	no	no	yes	no	GH_33_0_9265_Z2xZ16__2.gen
33	0	9265	Z4xZ8	no	no	yes	no	GH_33_0_9265_Z4xZ8__4.gen
33	0	9263	Z2xZ16	no	no	yes	no	GH_33_0_9263_Z2xZ16.gen
33	0	9265	Z4xZ8	no	no	yes	no	GH_33_0_9265_Z4xZ8__1.gen
33	0	9265	Z2xZ16	no	no	yes	no	GH_33_0_9265_Z2xZ16__4.gen
33	0	9297	Z2xZ2xZ8	no	no	yes	no	GH_33_0_9297_Z2xZ2xZ8__2.gen
33	0	9297	Z2xZ2xZ8	no	no	yes	no	GH_33_0_9297_Z2xZ2xZ8__5.gen
33	0	9297	Z2xZ4xZ4	no	no	yes	no	GH_33_0_9297_Z2xZ4xZ4__4.gen
33	0	9297	Z2xZ2xZ8	no	no	yes	no	GH_33_0_9297_Z2xZ2xZ8__6.gen
33	0	9297	Z2xZ4xZ4	no	no	yes	no	GH_33_0_9297_Z2xZ4xZ4__2.gen
33	0	9297	Z2xZ2xZ8	no	no	yes	no	GH_33_0_9297_Z2xZ2xZ8__3.gen
33	0	9297	Z2xZ4xZ4	no	no	yes	no	GH_33_0_9297_Z2xZ4xZ4__1.gen
33	0	9297	Z2xZ2xZ8	no	no	yes	no	GH_33_0_9297_Z2xZ2xZ8__1.gen
33	0	9297	Z2xZ4xZ4	no	no	yes	no	GH_33_0_9297_Z2xZ4xZ4__3.gen
33	0	9297	Z2xZ2xZ8	no	no	yes	no	GH_33_0_9297_Z2xZ2xZ8__4.gen
33	0	9359	Z2xZ2xZ2xZ4	no	no	yes	no	GH_33_0_9359_Z2xZ2xZ2xZ4__1.gen
33	0	9361	Z2xZ2xZ2xZ4	no	no	yes	no	GH_33_0_9361_Z2xZ2xZ2xZ4__2.gen
33	0	9357	Z2xZ2xZ2xZ4	no	no	yes	no	GH_33_0_9357_Z2xZ2xZ2xZ4.gen
33	0	9359	Z2xZ2xZ2xZ4	no	no	yes	no	GH_33_0_9359_Z2xZ2xZ2xZ4__2.gen
33	0	9361	Z2xZ2xZ2xZ4	no	no	yes	no	GH_33_0_9361_Z2xZ2xZ2xZ4__1.gen
33	0	9487	Z2xZ2xZ2xZ2xZ2	no	yes	yes	no	GH_33_0_9487_Z2xZ2xZ2xZ2xZ2.gen
33	0	9489	Z2xZ2xZ2xZ2xZ2	no	yes	yes	no	GH_33_0_9489_Z2xZ2xZ2xZ2xZ2.gen
33	0	12337	Z8:Z4	no	no	yes	no	GH_33_0_12337_Z8sZ4__2.gen
33	0	12313	Z4:Z8	no	no	yes	no	GH_33_0_12313_Z4sZ8.gen
33	0	12319	Z4:Z8	no	no	yes	no	GH_33_0_12319_Z4sZ8.gen
33	0	12337	M32	no	no	yes	no	GH_33_0_12337_M32__5.gen
33	0	12337	Z4:Z8	no	no	yes	no	GH_33_0_12337_Z4sZ8__3.gen
33	0	12325	Z8:Z4	no	no	yes	no	GH_33_0_12325_Z8sZ4.gen
33	0	12337	Z4:Z8	no	no	yes	no	GH_33_0_12337_Z4sZ8__1.gen
33	0	12337	Z8:Z4	no	no	yes	no	GH_33_0_12337_Z8sZ4__1.gen
33	0	12333	Z4xQ8	no	no	yes	no	GH_33_0_12333_Z4xQ8.gen
33	0	12337	M32	no	no	yes	no	GH_33_0_12337_M32__1.gen
33	0	12337	Z8:Z4	no	no	yes	no	GH_33_0_12337_Z8sZ4__3.gen
33	0	12335	Z4xQ8	no	no	yes	no	GH_33_0_12335_Z4xQ8.gen
33	0	12337	Z4:Z8	no	no	yes	no	GH_33_0_12337_Z4sZ8__4.gen
33	0	12337	M32	no	no	yes	no	GH_33_0_12337_M32__3.gen
33	0	12335	Z8:Z4	no	no	yes	no	GH_33_0_12335_Z8sZ4.gen
33	0	12337	Z4xQ8	no	no	yes	no	GH_33_0_12337_Z4xQ8__1.gen
33	0	12337	Z4:Z8	no	no	yes	no	GH_33_0_12337_Z4sZ8__5.gen
33	0	12337	M32	no	no	yes	no	GH_33_0_12337_M32__2.gen
33	0	12337	Z8:Z4	no	no	yes	no	GH_33_0_12337_Z8sZ4__4.gen
33	0	12337	Z4xQ8	no	no	yes	no	GH_33_0_12337_Z4xQ8__3.gen
33	0	12337	Z4:Z8	no	no	yes	no	GH_33_0_12337_Z4sZ8__2.gen
33	0	12335	M32	no	no	yes	no	GH_33_0_12335_M32.gen
33	0	12337	Z8:Z4	no	no	yes	no	GH_33_0_12337_Z8sZ4__5.gen
33	0	12337	Z4xQ8	no	no	yes	no	GH_33_0_12337_Z4xQ8__2.gen
33	0	12337	Z4:Z8	no	no	yes	no	GH_33_0_12337_Z4sZ8__6.gen
33	0	12337	M32	no	no	yes	no	GH_33_0_12337_M32__4.gen
33	0	12369	Z2xZ4:Z4	no	no	yes	no	GH_33_0_12369_Z2xZ4sZ4__1.gen
33	0	12369	G(32,9)	no	no	yes	no	GH_33_0_12369_G32_9__3.gen
33	0	12401	Z4xD4	no	no	yes	no	GH_33_0_12401_Z4xD4__1.gen
33	0	12367	G(32,12)	no	no	yes	no	GH_33_0_12367_G32_12__1.gen
33	0	12369	G(32,37)	no	no	yes	no	GH_33_0_12369_G32_37__5.gen
33	0	12369	Z2xM16	no	no	yes	no	GH_33_0_12369_Z2xM16__3.gen
33	0	12369	G(32,12)	no	no	yes	no	GH_33_0_12369_G32_12__5.gen
33	0	12369	G(32,37)	no	no	yes	no	GH_33_0_12369_G32_37__2.gen
33	0	12357	G(32,12)	no	no	yes	no	GH_33_0_12357_G32_12.gen
33	0	12369	Z2xZ4:Z4	no	no	yes	no	GH_33_0_12369_Z2xZ4sZ4__2.gen
33	0	12367	G(32,17)	no	no	yes	no	GH_33_0_12367_G32_17.gen
33	0	12369	G(32,37)	no	no	yes	no	GH_33_0_12369_G32_37__7.gen
33	0	12369	Z2xM16	no	no	yes	no	GH_33_0_12369_Z2xM16__5.gen
33	0	12369	G(32,12)	no	no	yes	no	GH_33_0_12369_G32_12__2.gen
33	0	12369	G(32,9)	no	no	yes	no	GH_33_0_12369_G32_9__6.gen
33	0	12369	Z2xM16	no	no	yes	no	GH_33_0_12369_Z2xM16__1.gen
33	0	12369	G(32,12)	no	no	yes	no	GH_33_0_12369_G32_12__1.gen
33	0	12363	Z2xZ2xQ8	no	no	yes	no	GH_33_0_12363_Z2xZ2xQ8.gen
33	0	12361	Z2xZ4:Z4	no	no	yes	no	GH_33_0_12361_Z2xZ4sZ4.gen
33	0	12369	G(32,37)	no	no	yes	no	GH_33_0_12369_G32_37__6.gen
33	0	12369	G(32,9)	no	no	yes	no	GH_33_0_12369_G32_9__1.gen
33	0	12369	Z2xM16	no	no	yes	no	GH_33_0_12369_Z2xM16__4.gen
33	0	12367	G(32,12)	no	no	yes	no	GH_33_0_12367_G32_12__2.gen
33	0	12367	Z2xZ4:Z4	no	no	yes	no	GH_33_0_12367_Z2xZ4sZ4.gen
33	0	12369	G(32,17)	no	no	yes	no	GH_33_0_12369_G32_17__3.gen
33	0	12369	G(32,37)	no	no	yes	no	GH_33_0_12369_G32_37__3.gen
33	0	12369	G(32,9)	no	no	yes	no	GH_33_0_12369_G32_9__5.gen
33	0	12369	Z2xM16	no	no	yes	no	GH_33_0_12369_Z2xM16__2.gen
33	0	12369	G(32,12)	no	no	yes	no	GH_33_0_12369_G32_12__3.gen
33	0	12367	Z2xZ2xQ8	no	no	yes	no	GH_33_0_12367_Z2xZ2xQ8.gen
33	0	12369	Z2xZ4:Z4	no	no	yes	no	GH_33_0_12369_Z2xZ4sZ4__4.gen
33	0	12365	G(32,17)	no	no	yes	no	GH_33_0_12365_G32_17.gen
33	0	12369	G(32,37)	no	no	yes	no	GH_33_0_12369_G32_37__4.gen
33	0	12369	G(32,9)	no	no	yes	no	GH_33_0_12369_G32_9__2.gen
33	0	12369	Z2xM16	no	no	yes	no	GH_33_0_12369_Z2xM16__6.gen
33	0	12369	G(32,12)	no	no	yes	no	GH_33_0_12369_G32_12__4.gen
33	0	12369	Z2xZ2xQ8	no	no	yes	no	GH_33_0_12369_Z2xZ2xQ8__2.gen
33	0	12369	Z2xZ4:Z4	no	no	yes	no	GH_33_0_12369_Z2xZ4sZ4__3.gen
33	0	12369	G(32,17)	no	no	yes	no	GH_33_0_12369_G32_17__1.gen
33	0	12369	G(32,37)	no	no	yes	no	GH_33_0_12369_G32_37__1.gen
33	0	12369	G(32,9)	no	no	yes	no	GH_33_0_12369_G32_9__4.gen
33	0	12369	Z2xM16	no	no	yes	no	GH_33_0_12369_Z2xM16__7.gen
33	0	12369	G(32,12)	no	no	yes	no	GH_33_0_12369_G32_12__6.gen
33	0	12369	Z2xZ2xQ8	no	no	yes	no	GH_33_0_12369_Z2xZ2xQ8__1.gen
33	0	12369	Z2xZ4:Z4	no	no	yes	no	GH_33_0_12369_Z2xZ4sZ4__5.gen
33	0	12369	G(32,17)	no	no	yes	no	GH_33_0_12369_G32_17__2.gen
33	0	12369	G(32,37)	no	no	yes	no	GH_33_0_12369_G32_37__8.gen
33	0	12383	Z4xD4	no	no	yes	no	GH_33_0_12383_Z4xD4.gen
33	0	12401	Z4xD4	no	no	yes	no	GH_33_0_12401_Z4xD4__3.gen
33	0	12397	Z4xD4	no	no	yes	no	GH_33_0_12397_Z4xD4.gen
33	0	12401	Z4xD4	no	no	yes	no	GH_33_0_12401_Z4xD4__2.gen
33	0	12399	Z4xD4	no	no	yes	no	GH_33_0_12399_Z4xD4.gen
33	0	12401	Z4xD4	no	no	yes	no	GH_33_0_12401_Z4xD4__4.gen
33	0	12409	G(32,4)	no	no	yes	no	GH_33_0_12409_G32_4.gen
33	0	12413	G(32,4)	no	no	yes	no	GH_33_0_12413_G32_4.gen
33	0	12417	Z2xD4oZ4	no	no	yes	no	GH_33_0_12417_Z2xD4oZ4.gen
33	0	12433	G(32,4)	no	no	yes	no	GH_33_0_12433_G32_4__3.gen
33	0	12433	G(32,4)	no	no	yes	no	GH_33_0_12433_G32_4__1.gen
33	0	12433	Z2xD4oZ4	no	no	yes	no	GH_33_0_12433_Z2xD4oZ4__3.gen
33	0	12433	G(32,4)	no	no	yes	no	GH_33_0_12433_G32_4__2.gen
33	0	12433	Z2xD4oZ4	no	no	yes	no	GH_33_0_12433_Z2xD4oZ4__1.gen
33	0	12433	G(32,4)	no	no	yes	no	GH_33_0_12433_G32_4__5.gen
33	0	12431	Z2xD4oZ4	no	no	yes	no	GH_33_0_12431_Z2xD4oZ4.gen
33	0	12433	G(32,4)	no	no	yes	no	GH_33_0_12433_G32_4__4.gen
33	0	12433	Z2xD4oZ4	no	no	yes	no	GH_33_0_12433_Z2xD4oZ4__2.gen
33	0	12497	Dih(Z2xZ2xZ4)	no	no	yes	no	GH_33_0_12497_DihZ2xZ2xZ4__4.gen
33	0	12497	Dih(Z2xZ2xZ4)	no	no	yes	no	GH_33_0_12497_DihZ2xZ2xZ4__3.gen
33	0	12495	Dih(Z2xZ2xZ4)	no	no	yes	no	GH_33_0_12495_DihZ2xZ2xZ4__1.gen
33	0	12495	Dih(Z2xZ2xZ4)	no	no	yes	no	GH_33_0_12495_DihZ2xZ2xZ4__2.gen
33	0	12497	Dih(Z2xZ2xZ4)	no	no	yes	no	GH_33_0_12497_DihZ2xZ2xZ4__2.gen
33	0	12497	Dih(Z2xZ2xZ4)	no	no	yes	no	GH_33_0_12497_DihZ2xZ2xZ4__1.gen
33	0	13155	G(32,45)	no	no	yes	no	GH_33_0_13155_G32_45.gen
33	0	13157	G(32,45)	no	no	yes	no	GH_33_0_13157_G32_45.gen
33	0	13169	G(32,45)	no	no	yes	no	GH_33_0_13169_G32_45__4.gen
33	0	13169	G(32,45)	no	no	yes	no	GH_33_0_13169_G32_45__3.gen
33	0	13163	G(32,45)	no	no	yes	no	GH_33_0_13163_G32_45.gen
33	0	13169	G(32,45)	no	no	yes	no	GH_33_0_13169_G32_45__2.gen
33	0	13169	G(32,45)	no	no	yes	no	GH_33_0_13169_G32_45__5.gen
33	0	13169	G(32,45)	no	no	yes	no	GH_33_0_13169_G32_45__1.gen
33	0	13233	G(32,24)	no	no	yes	no	GH_33_0_13233_G32_24__2.gen
33	0	13233	G(32,24)	no	no	yes	no	GH_33_0_13233_G32_24__4.gen
33	0	13233	G(32,24)	no	no	yes	no	GH_33_0_13233_G32_24__5.gen
33	0	13233	G(32,24)	no	no	yes	no	GH_33_0_13233_G32_24__1.gen
33	0	13233	G(32,24)	no	no	yes	no	GH_33_0_13233_G32_24__3.gen
33	0	13841	G(32,33)	no	no	yes	no	GH_33_0_13841_G32_33.gen
33	0	13861	Z8:Z4#3	no	no	yes	no	GH_33_0_13861_Z8sZ4_3.gen
33	0	13853	Z8:Z4#3	no	no	yes	no	GH_33_0_13853_Z8sZ4_3.gen
33	0	13873	G(32,41)	no	no	yes	no	GH_33_0_13873_G32_41__5.gen
33	0	13857	G(32,35)	no	no	yes	no	GH_33_0_13857_G32_35.gen
33	0	13853	Z2xQ16	no	no	yes	no	GH_33_0_13853_Z2xQ16.gen
33	0	13873	G(32,41)	no	no	yes	no	GH_33_0_13873_G32_41__3.gen
33	0	13873	Z8:Z4#3	no	no	yes	no	GH_33_0_13873_Z8sZ4_3__6.gen
33	0	13873	G(32,34)	no	no	yes	no	GH_33_0_13873_G32_34__6.gen
33	0	13873	Z2xQ16	no	no	yes	no	GH_33_0_13873_Z2xQ16__6.gen
33	0	13873	Z8:Z4#3	no	no	yes	no	GH_33_0_13873_Z8sZ4_3__2.gen
33	0	13873	G(32,44)	no	no	yes	no	GH_33_0_13873_G32_44__1.gen
33	0	13873	G(32,34)	no	no	yes	no	GH_33_0_13873_G32_34__1.gen
33	0	13869	G(32,35)	no	no	yes	no	GH_33_0_13869_G32_35.gen
33	0	13873	Z8:Z4#2	no	no	yes	no	GH_33_0_13873_Z8sZ4_2__3.gen
33	0	13871	G(32,44)	no	no	yes	no	GH_33_0_13871_G32_44__1.gen
33	0	13873	G(32,34)	no	no	yes	no	GH_33_0_13873_G32_34__4.gen
33	0	13871	G(32,35)	no	no	yes	no	GH_33_0_13871_G32_35__2.gen
33	0	13869	Z8:Z4#2	no	no	yes	no	GH_33_0_13869_Z8sZ4_2.gen
33	0	13869	G(32,41)	no	no	yes	no	GH_33_0_13869_G32_41.gen
33	0	13873	Z2xQ16	no	no	yes	no	GH_33_0_13873_Z2xQ16__3.gen
33	0	13871	Z8:Z4#3	no	no	yes	no	GH_33_0_13871_Z8sZ4_3.gen
33	0	13871	G(32,44)	no	no	yes	no	GH_33_0_13871_G32_44__2.gen
33	0	13873	G(32,34)	no	no	yes	no	GH_33_0_13873_G32_34__2.gen
33	0	13873	G(32,35)	no	no	yes	no	GH_33_0_13873_G32_35__3.gen
33	0	13873	Z8:Z4#2	no	no	yes	no	GH_33_0_13873_Z8sZ4_2__2.gen
33	0	13873	G(32,41)	no	no	yes	no	GH_33_0_13873_G32_41__1.gen
33	0	13873	Z2xQ16	no	no	yes	no	GH_33_0_13873_Z2xQ16__4.gen
33	0	13873	Z8:Z4#3	no	no	yes	no	GH_33_0_13873_Z8sZ4_3__5.gen
33	0	13873	G(32,44)	no	no	yes	no	GH_33_0_13873_G32_44__5.gen
33	0	13873	G(32,34)	no	no	yes	no	GH_33_0_13873_G32_34__7.gen
33	0	13873	G(32,35)	no	no	yes	no	GH_33_0_13873_G32_35__2.gen
33	0	13871	Z8:Z4#2	no	no	yes	no	GH_33_0_13871_Z8sZ4_2__2.gen
33	0	13873	G(32,41)	no	no	yes	no	GH_33_0_13873_G32_41__6.gen
33	0	13873	Z2xQ16	no	no	yes	no	GH_33_0_13873_Z2xQ16__2.gen
33	0	13873	Z8:Z4#3	no	no	yes	no	GH_33_0_13873_Z8sZ4_3__1.gen
33	0	13873	G(32,44)	no	no	yes	no	GH_33_0_13873_G32_44__4.gen
33	0	13873	G(32,34)	no	no	yes	no	GH_33_0_13873_G32_34__5.gen
33	0	13871	G(32,35)	no	no	yes	no	GH_33_0_13871_G32_35__1.gen
33	0	13871	Z8:Z4#2	no	no	yes	no	GH_33_0_13871_Z8sZ4_2__1.gen
33	0	13873	G(32,41)	no	no	yes	no	GH_33_0_13873_G32_41__4.gen
33	0	13873	Z2xQ16	no	no	yes	no	GH_33_0_13873_Z2xQ16__1.gen
33	0	13873	Z8:Z4#3	no	no	yes	no	GH_33_0_13873_Z8sZ4_3__4.gen
33	0	13873	G(32,44)	no	no	yes	no	GH_33_0_13873_G32_44__3.gen
33	0	13873	G(32,34)	no	no	yes	no	GH_33_0_13873_G32_34__3.gen
33	0	13873	G(32,35)	no	no	yes	no	GH_33_0_13873_G32_35__1.gen
33	0	13873	Z8:Z4#2	no	no	yes	no	GH_33_0_13873_Z8sZ4_2__1.gen
33	0	13873	G(32,41)	no	no	yes	no	GH_33_0_13873_G32_41__2.gen
33	0	13873	Z2xQ16	no	no	yes	no	GH_33_0_13873_Z2xQ16__5.gen
33	0	13873	Z8:Z4#3	no	no	yes	no	GH_33_0_13873_Z8sZ4_3__3.gen
33	0	13873	G(32,44)	no	no	yes	no	GH_33_0_13873_G32_44__2.gen
33	0	13901	G(32,16)	no	no	yes	no	GH_33_0_13901_G32_16.gen
33	0	13905	G(32,16)	no	no	yes	no	GH_33_0_13905_G32_16__6.gen
33	0	13897	G(32,28)	no	no	yes	no	GH_33_0_13897_G32_28.gen
33	0	13905	G(32,33)	no	no	yes	no	GH_33_0_13905_G32_33__6.gen
33	0	13905	G(32,16)	no	no	yes	no	GH_33_0_13905_G32_16__4.gen
33	0	13889	G(32,28)	no	no	yes	no	GH_33_0_13889_G32_28.gen
33	0	13905	G(32,16)	no	no	yes	no	GH_33_0_13905_G32_16__2.gen
33	0	13905	G(32,28)	no	no	yes	no	GH_33_0_13905_G32_28__2.gen
33	0	13905	G(32,33)	no	no	yes	no	GH_33_0_13905_G32_33__1.gen
33	0	13905	G(32,16)	no	no	yes	no	GH_33_0_13905_G32_16__5.gen
33	0	13905	G(32,28)	no	no	yes	no	GH_33_0_13905_G32_28__1.gen
33	0	13905	G(32,33)	no	no	yes	no	GH_33_0_13905_G32_33__4.gen
33	0	13905	G(32,16)	no	no	yes	no	GH_33_0_13905_G32_16__7.gen
33	0	13903	G(32,28)	no	no	yes	no	GH_33_0_13903_G32_28.gen
33	0	13905	G(32,33)	no	no	yes	no	GH_33_0_13905_G32_33__5.gen
33	0	13905	G(32,16)	no	no	yes	no	GH_33_0_13905_G32_16__3.gen
33	0	13905	G(32,28)	no	no	yes	no	GH_33_0_13905_G32_28__3.gen
33	0	13905	G(32,33)	no	no	yes	no	GH_33_0_13905_G32_33__3.gen
33	0	13903	G(32,16)	no	no	yes	no	GH_33_0_13903_G32_16.gen
33	0	13905	G(32,28)	no	no	yes	no	GH_33_0_13905_G32_28__5.gen
33	0	13905	G(32,33)	no	no	yes	no	GH_33_0_13905_G32_33__7.gen
33	0	13905	G(32,16)	no	no	yes	no	GH_33_0_13905_G32_16__1.gen
33	0	13905	G(32,28)	no	no	yes	no	GH_33_0_13905_G32_28__4.gen
33	0	13905	G(32,33)	no	no	yes	no	GH_33_0_13905_G32_33__2.gen
33	0	13913	Z2xSD16	no	no	yes	no	GH_33_0_13913_Z2xSD16.gen
33	0	13921	G(32,20)	no	no	yes	no	GH_33_0_13921_G32_20.gen
33	0	13935	Z2xSD16	no	no	yes	no	GH_33_0_13935_Z2xSD16__1.gen
33	0	13937	G(32,18)	no	no	yes	no	GH_33_0_13937_G32_18__5.gen
33	0	13937	G(32,20)	no	no	yes	no	GH_33_0_13937_G32_20__2.gen
33	0	13937	G(32,18)	no	no	yes	no	GH_33_0_13937_G32_18__3.gen
33	0	13937	Z2xSD16	no	no	yes	no	GH_33_0_13937_Z2xSD16__1.gen
33	0	13937	G(32,23)	no	no	yes	no	GH_33_0_13937_G32_23__1.gen
33	0	13937	G(32,20)	no	no	yes	no	GH_33_0_13937_G32_20__4.gen
33	0	13937	Z2xSD16	no	no	yes	no	GH_33_0_13937_Z2xSD16__2.gen
33	0	13935	G(32,23)	no	no	yes	no	GH_33_0_13935_G32_23.gen
33	0	13937	G(32,40)	no	no	yes	no	GH_33_0_13937_G32_40__2.gen
33	0	13937	G(32,18)	no	no	yes	no	GH_33_0_13937_G32_18__6.gen
33	0	13935	Z2xSD16	no	no	yes	no	GH_33_0_13935_Z2xSD16__4.gen
33	0	13937	G(32,23)	no	no	yes	no	GH_33_0_13937_G32_23__4.gen
33	0	13935	G(32,40)	no	no	yes	no	GH_33_0_13935_G32_40__2.gen
33	0	13937	G(32,18)	no	no	yes	no	GH_33_0_13937_G32_18__4.gen
33	0	13937	G(32,20)	no	no	yes	no	GH_33_0_13937_G32_20__5.gen
33	0	13935	Z2xSD16	no	no	yes	no	GH_33_0_13935_Z2xSD16__3.gen
33	0	13931	G(32,23)	no	no	yes	no	GH_33_0_13931_G32_23.gen
33	0	13935	G(32,40)	no	no	yes	no	GH_33_0_13935_G32_40__3.gen
33	0	13933	G(32,18)	no	no	yes	no	GH_33_0_13933_G32_18.gen
33	0	13937	G(32,20)	no	no	yes	no	GH_33_0_13937_G32_20__6.gen
33	0	13935	Z2xSD16	no	no	yes	no	GH_33_0_13935_Z2xSD16__2.gen
33	0	13937	G(32,23)	no	no	yes	no	GH_33_0_13937_G32_23__3.gen
33	0	13935	G(32,40)	no	no	yes	no	GH_33_0_13935_G32_40__1.gen
33	0	13937	G(32,18)	no	no	yes	no	GH_33_0_13937_G32_18__2.gen
33	0	13937	G(32,20)	no	no	yes	no	GH_33_0_13937_G32_20__1.gen
33	0	13937	Z2xSD16	no	no	yes	no	GH_33_0_13937_Z2xSD16__3.gen
33	0	13937	G(32,23)	no	no	yes	no	GH_33_0_13937_G32_23__2.gen
33	0	13937	G(32,40)	no	no	yes	no	GH_33_0_13937_G32_40__1.gen
33	0	13937	G(32,18)	no	no	yes	no	GH_33_0_13937_G32_18__1.gen
33	0	13937	G(32,20)	no	no	yes	no	GH_33_0_13937_G32_20__3.gen
33	0	13937	Z2xSD16	no	no	yes	no	GH_33_0_13937_Z2xSD16__4.gen
33	0	13937	G(32,23)	no	no	yes	no	GH_33_0_13937_G32_23__5.gen
33	0	13937	G(32,40)	no	no	yes	no	GH_33_0_13937_G32_40__3.gen
33	0	13969	G(32,15)	no	no	yes	no	GH_33_0_13969_G32_15__3.gen
33	0	13967	G(32,15)	no	no	yes	no	GH_33_0_13967_G32_15.gen
33	0	13969	G(32,15)	no	no	yes	no	GH_33_0_13969_G32_15__1.gen
33	0	13969	G(32,15)	no	no	yes	no	GH_33_0_13969_G32_15__5.gen
33	0	13969	G(32,15)	no	no	yes	no	GH_33_0_13969_G32_15__2.gen
33	0	13969	G(32,15)	no	no	yes	no	GH_33_0_13969_G32_15__4.gen
33	0	13983	G(32,5)	no	no	yes	no	GH_33_0_13983_G32_5.gen
33	0	14001	Dih(Z4xZ4)	no	no	yes	no	GH_33_0_14001_DihZ4xZ4__1.gen
33	0	13999	Dih(Z2xZ8)	no	no	yes	no	GH_33_0_13999_DihZ2xZ8__2.gen
33	0	13991	Dih(Z4xZ4)	no	no	yes	no	GH_33_0_13991_DihZ4xZ4.gen
33	0	14001	G(32,5)	no	no	yes	no	GH_33_0_14001_G32_5__4.gen
33	0	13999	Dih(Z2xZ8)	no	no	yes	no	GH_33_0_13999_DihZ2xZ8__3.gen
33	0	14001	G(32,5)	no	no	yes	no	GH_33_0_14001_G32_5__2.gen
33	0	13995	Dih(Z4xZ4)	no	no	yes	no	GH_33_0_13995_DihZ4xZ4.gen
33	0	13995	G(32,5)	no	no	yes	no	GH_33_0_13995_G32_5.gen
33	0	14001	Dih(Z4xZ4)	no	no	yes	no	GH_33_0_14001_DihZ4xZ4__4.gen
33	0	13997	Dih(Z2xZ8)	no	no	yes	no	GH_33_0_13997_DihZ2xZ8.gen
33	0	14001	G(32,5)	no	no	yes	no	GH_33_0_14001_G32_5__3.gen
33	0	13997	Dih(Z4xZ4)	no	no	yes	no	GH_33_0_13997_DihZ4xZ4.gen
33	0	14001	Dih(Z2xZ8)	no	no	yes	no	GH_33_0_14001_DihZ2xZ8__2.gen
33	0	13999	G(32,5)	no	no	yes	no	GH_33_0_13999_G32_5.gen
33	0	14001	Dih(Z4xZ4)	no	no	yes	no	GH_33_0_14001_DihZ4xZ4__2.gen
33	0	14001	Dih(Z2xZ8)	no	no	yes	no	GH_33_0_14001_DihZ2xZ8__1.gen
33	0	14001	G(32,5)	no	no	yes	no	GH_33_0_14001_G32_5__5.gen
33	0	14001	Dih(Z4xZ4)	no	no	yes	no	GH_33_0_14001_DihZ4xZ4__3.gen
33	0	13999	Dih(Z2xZ8)	no	no	yes	no	GH_33_0_13999_DihZ2xZ8__1.gen
33	0	14001	G(32,5)	no	no	yes	no	GH_33_0_14001_G32_5__1.gen
33	0	14001	Dih(Z4xZ4)	no	no	yes	no	GH_33_0_14001_DihZ4xZ4__5.gen
33	0	14001	Dih(Z2xZ8)	no	no	yes	no	GH_33_0_14001_DihZ2xZ8__3.gen
33	0	14625	Q32	no	no	yes	no	GH_33_0_14625_Q32__3.gen
33	0	14625	Q32	no	no	yes	no	GH_33_0_14625_Q32__2.gen
33	0	14625	Q32	no	no	yes	no	GH_33_0_14625_Q32__5.gen
33	0	14625	Q32	no	no	yes	no	GH_33_0_14625_Q32__1.gen
33	0	14623	Q32	no	no	yes	no	GH_33_0_14623_Q32.gen
33	0	14625	Q32	no	no	yes	no	GH_33_0_14625_Q32__6.gen
33	0	14625	Q32	no	no	yes	no	GH_33_0_14625_Q32__7.gen
33	0	14625	Q32	no	no	yes	no	GH_33_0_14625_Q32__4.gen
33	0	14641	G(32,47)	no	no	yes	no	GH_33_0_14641_G32_47__4.gen
33	0	14639	G(32,47)	no	no	yes	no	GH_33_0_14639_G32_47.gen
33	0	14673	G(32,46)	no	no	yes	no	GH_33_0_14673_G32_46__2.gen
33	0	14637	G(32,47)	no	no	yes	no	GH_33_0_14637_G32_47.gen
33	0	14641	G(32,47)	no	no	yes	no	GH_33_0_14641_G32_47__1.gen
33	0	14641	G(32,47)	no	no	yes	no	GH_33_0_14641_G32_47__2.gen
33	0	14641	G(32,47)	no	no	yes	no	GH_33_0_14641_G32_47__3.gen
33	0	14673	G(32,46)	no	no	yes	no	GH_33_0_14673_G32_46__3.gen
33	0	14705	G(32,25)	no	no	yes	no	GH_33_0_14705_G32_25__3.gen
33	0	14673	G(32,46)	no	no	yes	no	GH_33_0_14673_G32_46__4.gen
33	0	14673	G(32,46)	no	no	yes	no	GH_33_0_14673_G32_46__5.gen
33	0	14671	G(32,46)	no	no	yes	no	GH_33_0_14671_G32_46__2.gen
33	0	14673	G(32,46)	no	no	yes	no	GH_33_0_14673_G32_46__6.gen
33	0	14669	SD32	no	no	yes	no	GH_33_0_14669_SD32.gen
33	0	14671	G(32,46)	no	no	yes	no	GH_33_0_14671_G32_46__1.gen
33	0	14673	G(32,46)	no	no	yes	no	GH_33_0_14673_G32_46__1.gen
33	0	14689	SD32	no	no	yes	no	GH_33_0_14689_SD32__4.gen
33	0	14689	SD32	no	no	yes	no	GH_33_0_14689_SD32__5.gen
33	0	14683	G(32,25)	no	no	yes	no	GH_33_0_14683_G32_25.gen
33	0	14689	SD32	no	no	yes	no	GH_33_0_14689_SD32__2.gen
33	0	14705	G(32,27)	no	no	yes	no	GH_33_0_14705_G32_27__1.gen
33	0	14689	SD32	no	no	yes	no	GH_33_0_14689_SD32__7.gen
33	0	14689	SD32	no	no	yes	no	GH_33_0_14689_SD32__1.gen
33	0	14687	G(32,27)	no	no	yes	no	GH_33_0_14687_G32_27.gen
33	0	14689	SD32	no	no	yes	no	GH_33_0_14689_SD32__3.gen
33	0	14705	G(32,27)	no	no	yes	no	GH_33_0_14705_G32_27__7.gen
33	0	14689	SD32	no	no	yes	no	GH_33_0_14689_SD32__6.gen
33	0	14705	G(32,25)	no	no	yes	no	GH_33_0_14705_G32_25__6.gen
33	0	14705	G(32,27)	no	no	yes	no	GH_33_0_14705_G32_27__4.gen
33	0	14703	G(32,27)	no	no	yes	no	GH_33_0_14703_G32_27__2.gen
33	0	14701	G(32,25)	no	no	yes	no	GH_33_0_14701_G32_25.gen
33	0	14705	G(32,27)	no	no	yes	no	GH_33_0_14705_G32_27__6.gen
33	0	14705	G(32,25)	no	no	yes	no	GH_33_0_14705_G32_25__2.gen
33	0	14703	G(32,27)	no	no	yes	no	GH_33_0_14703_G32_27__1.gen
33	0	14705	G(32,25)	no	no	yes	no	GH_33_0_14705_G32_25__4.gen
33	0	14705	G(32,27)	no	no	yes	no	GH_33_0_14705_G32_27__5.gen
33	0	14705	G(32,25)	no	no	yes	no	GH_33_0_14705_G32_25__1.gen
33	0	14705	G(32,27)	no	no	yes	no	GH_33_0_14705_G32_27__3.gen
33	0	14705	G(32,25)	no	no	yes	no	GH_33_0_14705_G32_25__5.gen
33	0	14705	G(32,27)	no	no	yes	no	GH_33_0_14705_G32_27__2.gen
33	0	14737	G(32,26)	no	no	yes	no	GH_33_0_14737_G32_26__3.gen
33	0	14737	G(32,26)	no	no	yes	no	GH_33_0_14737_G32_26__2.gen
33	0	14733	G(32,26)	no	no	yes	no	GH_33_0_14733_G32_26.gen
33	0	14737	G(32,26)	no	no	yes	no	GH_33_0_14737_G32_26__4.gen
33	0	14753	D16	no	no	yes	no	GH_33_0_14753_D16__6.gen
33	0	14737	G(32,26)	no	no	yes	no	GH_33_0_14737_G32_26__5.gen
33	0	14737	G(32,26)	no	no	yes	no	GH_33_0_14737_G32_26__1.gen
33	0	14753	D16	no	no	yes	no	GH_33_0_14753_D16__1.gen
33	0	14753	D16	no	no	yes	no	GH_33_0_14753_D16__4.gen
33	0	14753	D16	no	no	yes	no	GH_33_0_14753_D16__5.gen
33	0	14753	D16	no	no	yes	no	GH_33_0_14753_D16__2.gen
33	0	14749	D16	no	no	yes	no	GH_33_0_14749_D16__1.gen
33	0	14749	D16	no	no	yes	no	GH_33_0_14749_D16__2.gen
33	0	14753	D16	no	no	yes	no	GH_33_0_14753_D16__7.gen
33	0	14753	D16	no	no	yes	no	GH_33_0_14753_D16__3.gen
34	0	10097	Z3xZ11	no	no	yes	no	GH_34_0_10097_Z3xZ11.gen
34	0	10099	Z3xZ11	no	no	yes	no	GH_34_0_10099_Z3xZ11__3.gen
34	0	10099	Z3xZ11	no	no	yes	no	GH_34_0_10099_Z3xZ11__2.gen
34	0	10099	Z3xZ11	no	no	yes	no	GH_34_0_10099_Z3xZ11__4.gen
34	0	10099	Z3xZ11	no	no	yes	no	GH_34_0_10099_Z3xZ11__1.gen
35	0	4705	D17	no	no	no	no	GH_35_0_4705_D17.gen
35	0	9553	D17	no	no	no	no	GH_35_0_9553_D17__3.gen
35	0	9553	D17	no	no	no	no	GH_35_0_9553_D17__1.gen
35	0	9553	D17	no	no	no	no	GH_35_0_9553_D17__2.gen
35	0	11017	Z2xZ17	no	no	yes	no	GH_35_0_11017_Z2xZ17__7.gen
35	0	11017	Z2xZ17	no	no	yes	no	GH_35_0_11017_Z2xZ17__1.gen
35	0	11017	Z2xZ17	no	no	yes	no	GH_35_0_11017_Z2xZ17__5.gen
35	0	11017	Z2xZ17	no	no	yes	no	GH_35_0_11017_Z2xZ17__6.gen
35	0	11017	Z2xZ17	no	no	yes	no	GH_35_0_11017_Z2xZ17__4.gen
35	0	11017	Z2xZ17	no	no	yes	no	GH_35_0_11017_Z2xZ17__3.gen
35	0	11017	Z2xZ17	no	no	yes	no	GH_35_0_11017_Z2xZ17__2.gen
35	0	18073	D17	no	no	yes	no	GH_35_0_18073_D17.gen
35	0	18089	D17	no	no	yes	no	GH_35_0_18089_D17__3.gen
35	0	18085	D17	no	no	yes	no	GH_35_0_18085_D17.gen
35	0	18087	D17	no	no	yes	no	GH_35_0_18087_D17__1.gen
35	0	18083	D17	no	no	yes	no	GH_35_0_18083_D17.gen
35	0	18089	D17	no	no	yes	no	GH_35_0_18089_D17__2.gen
35	0	18089	D17	no	no	yes	no	GH_35_0_18089_D17__1.gen
35	0	18089	D17	no	no	yes	no	GH_35_0_18089_D17__4.gen
35	0	18087	D17	no	no	yes	no	GH_35_0_18087_D17__2.gen
